"index","reference_ok","native_ok","match","native_reason"
1,FALSE,FALSE,TRUE,"empty input or whitespace"
2,TRUE,TRUE,TRUE,""
3,TRUE,TRUE,TRUE,""
4,TRUE,TRUE,TRUE,""
5,TRUE,TRUE,TRUE,""
6,TRUE,TRUE,TRUE,""
7,TRUE,TRUE,TRUE,""
8,FALSE,FALSE,TRUE,"empty input or whitespace"
9,FALSE,FALSE,TRUE,"unknown monosaccharide"
10,TRUE,TRUE,TRUE,""
11,FALSE,FALSE,TRUE,"empty input or whitespace"
12,FALSE,FALSE,TRUE,"unknown monosaccharide"
13,FALSE,FALSE,TRUE,"empty input or whitespace"
14,TRUE,TRUE,TRUE,""
15,FALSE,FALSE,TRUE,"unknown monosaccharide"
16,FALSE,FALSE,TRUE,"empty input or whitespace"
17,TRUE,TRUE,TRUE,""
18,FALSE,FALSE,TRUE,"empty input or whitespace"
19,FALSE,FALSE,TRUE,"misplaced alditol"
20,FALSE,FALSE,TRUE,"misplaced alditol"
21,FALSE,FALSE,TRUE,"floating alditol"
22,FALSE,FALSE,TRUE,"empty input or whitespace"
23,TRUE,TRUE,TRUE,""
24,FALSE,FALSE,TRUE,"empty input or whitespace"
25,TRUE,TRUE,TRUE,""
26,FALSE,FALSE,TRUE,"invalid residue syntax"
27,TRUE,TRUE,TRUE,""
28,FALSE,FALSE,TRUE,"invalid residue syntax"
29,TRUE,TRUE,TRUE,""
30,FALSE,FALSE,TRUE,"invalid residue syntax"
31,TRUE,TRUE,TRUE,""
32,TRUE,TRUE,TRUE,""
33,FALSE,FALSE,TRUE,"invalid residue syntax"
34,TRUE,TRUE,TRUE,""
35,FALSE,FALSE,TRUE,"invalid residue syntax"
36,TRUE,TRUE,TRUE,""
37,FALSE,FALSE,TRUE,"empty input or whitespace"
38,TRUE,TRUE,TRUE,""
39,TRUE,TRUE,TRUE,""
40,TRUE,TRUE,TRUE,""
41,FALSE,FALSE,TRUE,"empty input or whitespace"
42,TRUE,TRUE,TRUE,""
43,TRUE,TRUE,TRUE,""
44,TRUE,TRUE,TRUE,""
45,FALSE,FALSE,TRUE,"empty input or whitespace"
46,TRUE,TRUE,TRUE,""
47,TRUE,TRUE,TRUE,""
48,FALSE,FALSE,TRUE,"empty input or whitespace"
49,FALSE,FALSE,TRUE,"invalid residue syntax"
50,FALSE,FALSE,TRUE,"invalid residue syntax"
51,FALSE,FALSE,TRUE,"invalid residue syntax"
52,FALSE,FALSE,TRUE,"invalid residue syntax"
53,FALSE,FALSE,TRUE,"invalid residue syntax"
54,FALSE,FALSE,TRUE,"invalid residue syntax"
55,FALSE,FALSE,TRUE,"missing opening parenthesis"
56,FALSE,FALSE,TRUE,"unbalanced branch or empty tree"
57,FALSE,FALSE,TRUE,"empty input or whitespace"
58,FALSE,FALSE,TRUE,"missing or malformed main tree"
59,FALSE,FALSE,TRUE,"missing or malformed main tree"
60,TRUE,TRUE,TRUE,""
61,FALSE,FALSE,TRUE,"invalid residue syntax"
62,FALSE,FALSE,TRUE,"invalid residue syntax"
63,FALSE,FALSE,TRUE,"empty input or whitespace"
64,TRUE,TRUE,TRUE,""
65,TRUE,TRUE,TRUE,""
66,FALSE,FALSE,TRUE,"empty input or whitespace"
67,TRUE,TRUE,TRUE,""
68,FALSE,FALSE,TRUE,"empty input or whitespace"
69,FALSE,FALSE,TRUE,"unknown monosaccharide"
70,FALSE,FALSE,TRUE,"empty input or whitespace"
71,FALSE,FALSE,TRUE,"missing or malformed main tree"
72,FALSE,FALSE,TRUE,"missing or malformed main tree"
73,FALSE,FALSE,TRUE,"invalid residue syntax"
74,FALSE,FALSE,TRUE,"empty input or whitespace"
75,FALSE,FALSE,TRUE,"missing or malformed main tree"
76,TRUE,TRUE,TRUE,""
77,TRUE,TRUE,TRUE,""
78,FALSE,FALSE,TRUE,"unknown monosaccharide"
79,FALSE,FALSE,TRUE,"empty input or whitespace"
80,TRUE,TRUE,TRUE,""
81,FALSE,FALSE,TRUE,"empty input or whitespace"
82,FALSE,FALSE,TRUE,"empty input or whitespace"
83,FALSE,FALSE,TRUE,"empty input or whitespace"
84,TRUE,TRUE,TRUE,""
85,FALSE,FALSE,TRUE,"empty input or whitespace"
86,FALSE,FALSE,TRUE,"missing or malformed main tree"
87,FALSE,FALSE,TRUE,"missing or malformed main tree"
88,TRUE,TRUE,TRUE,""
89,FALSE,FALSE,TRUE,"empty input or whitespace"
90,FALSE,FALSE,TRUE,"empty input or whitespace"
91,FALSE,FALSE,TRUE,"invalid residue syntax"
92,FALSE,FALSE,TRUE,"invalid residue syntax"
93,FALSE,FALSE,TRUE,"invalid residue syntax"
94,FALSE,FALSE,TRUE,"unknown monosaccharide"
95,FALSE,FALSE,TRUE,"unknown monosaccharide"
96,FALSE,FALSE,TRUE,"invalid residue syntax"
97,FALSE,FALSE,TRUE,"empty input or whitespace"
98,TRUE,TRUE,TRUE,""
99,FALSE,FALSE,TRUE,"invalid residue syntax"
100,FALSE,FALSE,TRUE,"invalid residue syntax"
101,FALSE,FALSE,TRUE,"invalid residue syntax"
102,FALSE,FALSE,TRUE,"invalid residue syntax"
103,TRUE,TRUE,TRUE,""
104,TRUE,TRUE,TRUE,""
105,FALSE,FALSE,TRUE,"empty input or whitespace"
106,FALSE,FALSE,TRUE,"invalid residue syntax"
107,FALSE,FALSE,TRUE,"empty input or whitespace"
108,TRUE,TRUE,TRUE,""
109,FALSE,FALSE,TRUE,"unknown monosaccharide"
110,FALSE,FALSE,TRUE,"empty input or whitespace"
111,FALSE,FALSE,TRUE,"empty input or whitespace"
112,FALSE,FALSE,TRUE,"missing or malformed main tree"
113,TRUE,TRUE,TRUE,""
114,FALSE,FALSE,TRUE,"empty input or whitespace"
115,FALSE,FALSE,TRUE,"empty input or whitespace"
116,TRUE,TRUE,TRUE,""
117,TRUE,TRUE,TRUE,""
118,TRUE,TRUE,TRUE,""
119,FALSE,FALSE,TRUE,"empty input or whitespace"
120,FALSE,FALSE,TRUE,"missing or malformed main tree"
121,FALSE,FALSE,TRUE,"missing or malformed main tree"
122,FALSE,FALSE,TRUE,"empty input or whitespace"
123,TRUE,TRUE,TRUE,""
124,FALSE,FALSE,TRUE,"invalid residue syntax"
125,FALSE,FALSE,TRUE,"invalid residue syntax"
126,FALSE,FALSE,TRUE,"empty input or whitespace"
127,FALSE,FALSE,TRUE,"empty input or whitespace"
128,FALSE,FALSE,TRUE,"unknown monosaccharide"
129,FALSE,FALSE,TRUE,"invalid residue syntax"
130,FALSE,FALSE,TRUE,"empty input or whitespace"
131,FALSE,FALSE,TRUE,"empty input or whitespace"
132,FALSE,FALSE,TRUE,"empty input or whitespace"
133,FALSE,FALSE,TRUE,"unknown monosaccharide"
134,FALSE,FALSE,TRUE,"empty input or whitespace"
135,FALSE,FALSE,TRUE,"unknown monosaccharide"
136,FALSE,FALSE,TRUE,"unknown monosaccharide"
137,FALSE,FALSE,TRUE,"unknown monosaccharide"
138,FALSE,FALSE,TRUE,"empty input or whitespace"
139,FALSE,FALSE,TRUE,"empty input or whitespace"
140,FALSE,FALSE,TRUE,"empty input or whitespace"
141,FALSE,FALSE,TRUE,"missing or misplaced linkage"
142,FALSE,FALSE,TRUE,"branch without parent"
143,TRUE,TRUE,TRUE,""
144,FALSE,FALSE,TRUE,"missing or malformed main tree"
145,FALSE,FALSE,TRUE,"unknown monosaccharide"
146,FALSE,FALSE,TRUE,"invalid residue syntax"
147,FALSE,FALSE,TRUE,"empty input or whitespace"
148,FALSE,FALSE,TRUE,"missing or malformed main tree"
149,FALSE,FALSE,TRUE,"empty input or whitespace"
150,TRUE,TRUE,TRUE,""
151,TRUE,TRUE,TRUE,""
152,TRUE,TRUE,TRUE,""
153,FALSE,FALSE,TRUE,"empty input or whitespace"
154,TRUE,TRUE,TRUE,""
155,TRUE,TRUE,TRUE,""
156,TRUE,TRUE,TRUE,""
157,TRUE,TRUE,TRUE,""
158,FALSE,FALSE,TRUE,"empty input or whitespace"
159,TRUE,TRUE,TRUE,""
160,TRUE,TRUE,TRUE,""
161,FALSE,FALSE,TRUE,"empty input or whitespace"
162,TRUE,TRUE,TRUE,""
163,TRUE,TRUE,TRUE,""
164,FALSE,FALSE,TRUE,"empty input or whitespace"
165,TRUE,TRUE,TRUE,""
166,TRUE,TRUE,TRUE,""
167,FALSE,FALSE,TRUE,"empty input or whitespace"
168,TRUE,TRUE,TRUE,""
169,TRUE,TRUE,TRUE,""
170,FALSE,FALSE,TRUE,"empty input or whitespace"
171,FALSE,FALSE,TRUE,"empty input or whitespace"
172,FALSE,FALSE,TRUE,"empty input or whitespace"
173,FALSE,FALSE,TRUE,"missing or malformed main tree"
174,FALSE,FALSE,TRUE,"missing or malformed main tree"
175,FALSE,FALSE,TRUE,"invalid residue syntax"
176,FALSE,FALSE,TRUE,"invalid residue syntax"
177,FALSE,FALSE,TRUE,"invalid residue syntax"
178,TRUE,TRUE,TRUE,""
179,TRUE,TRUE,TRUE,""
180,TRUE,TRUE,TRUE,""
181,FALSE,FALSE,TRUE,"unknown monosaccharide"
182,FALSE,FALSE,TRUE,"unknown monosaccharide"
183,FALSE,FALSE,TRUE,"invalid residue syntax"
184,FALSE,FALSE,TRUE,"unknown monosaccharide"
185,FALSE,FALSE,TRUE,"empty input or whitespace"
186,TRUE,TRUE,TRUE,""
187,FALSE,FALSE,TRUE,"missing or malformed main tree"
188,TRUE,TRUE,TRUE,""
189,TRUE,TRUE,TRUE,""
190,FALSE,FALSE,TRUE,"missing or malformed main tree"
191,TRUE,TRUE,TRUE,""
192,FALSE,FALSE,TRUE,"empty input or whitespace"
193,TRUE,TRUE,TRUE,""
194,TRUE,TRUE,TRUE,""
195,FALSE,FALSE,TRUE,"invalid residue syntax"
196,FALSE,FALSE,TRUE,"empty input or whitespace"
197,FALSE,FALSE,TRUE,"missing or malformed main tree"
198,FALSE,FALSE,TRUE,"missing or malformed main tree"
199,FALSE,FALSE,TRUE,"unknown monosaccharide"
200,FALSE,FALSE,TRUE,"unknown monosaccharide"
201,FALSE,FALSE,TRUE,"empty input or whitespace"
202,FALSE,FALSE,TRUE,"missing or malformed main tree"
203,TRUE,TRUE,TRUE,""
204,FALSE,FALSE,TRUE,"invalid residue syntax"
205,FALSE,FALSE,TRUE,"invalid residue syntax"
206,FALSE,FALSE,TRUE,"invalid residue syntax"
207,FALSE,FALSE,TRUE,"unknown monosaccharide"
208,FALSE,FALSE,TRUE,"empty input or whitespace"
209,FALSE,FALSE,TRUE,"invalid floating block"
210,FALSE,FALSE,TRUE,"floating part requires linkage"
211,FALSE,FALSE,TRUE,"invalid parent indices"
212,FALSE,FALSE,TRUE,"invalid parent indices"
213,FALSE,FALSE,TRUE,"duplicate parent indices"
214,FALSE,FALSE,TRUE,"missing or malformed main tree"
215,FALSE,FALSE,TRUE,"invalid floating block"
216,FALSE,FALSE,TRUE,"nested floating block"
217,FALSE,FALSE,TRUE,"missing or malformed main tree"
218,FALSE,FALSE,TRUE,"empty input or whitespace"
219,FALSE,FALSE,TRUE,"empty input or whitespace"
220,FALSE,FALSE,TRUE,"empty input or whitespace"
221,FALSE,FALSE,TRUE,"empty input or whitespace"
222,FALSE,FALSE,TRUE,"empty input or whitespace"
223,FALSE,FALSE,TRUE,"invalid residue syntax"
224,TRUE,TRUE,TRUE,""
225,FALSE,FALSE,TRUE,"empty input or whitespace"
226,FALSE,FALSE,TRUE,"parent index overflow"
227,FALSE,FALSE,TRUE,"empty input or whitespace"
228,FALSE,FALSE,TRUE,"empty input or whitespace"
229,FALSE,FALSE,TRUE,"empty input or whitespace"
230,FALSE,FALSE,TRUE,"missing or malformed main tree"
231,FALSE,FALSE,TRUE,"missing or malformed main tree"
232,TRUE,TRUE,TRUE,""
233,FALSE,FALSE,TRUE,"empty input or whitespace"
234,TRUE,TRUE,TRUE,""
235,TRUE,TRUE,TRUE,""
236,TRUE,TRUE,TRUE,""
237,FALSE,FALSE,TRUE,"empty input or whitespace"
238,TRUE,TRUE,TRUE,""
239,TRUE,TRUE,TRUE,""
240,TRUE,TRUE,TRUE,""
241,TRUE,TRUE,TRUE,""
242,FALSE,FALSE,TRUE,"empty input or whitespace"
243,FALSE,FALSE,TRUE,"missing or malformed main tree"
244,FALSE,FALSE,TRUE,"missing or malformed main tree"
245,FALSE,FALSE,TRUE,"missing or malformed main tree"
246,TRUE,TRUE,TRUE,""
247,FALSE,FALSE,TRUE,"missing or malformed main tree"
248,FALSE,FALSE,TRUE,"missing or malformed main tree"
249,FALSE,FALSE,TRUE,"unknown monosaccharide"
250,FALSE,FALSE,TRUE,"unknown monosaccharide"
251,FALSE,FALSE,TRUE,"invalid residue syntax"
252,FALSE,FALSE,TRUE,"unknown monosaccharide"
253,FALSE,FALSE,TRUE,"empty input or whitespace"
254,TRUE,TRUE,TRUE,""
255,FALSE,FALSE,TRUE,"unknown monosaccharide"
256,FALSE,FALSE,TRUE,"empty input or whitespace"
257,TRUE,TRUE,TRUE,""
258,TRUE,TRUE,TRUE,""
259,FALSE,FALSE,TRUE,"impossible explicit parent metadata"
260,FALSE,FALSE,TRUE,"impossible explicit parent metadata"
261,FALSE,FALSE,TRUE,"no conflict-free acyclic floating assignment"
262,FALSE,FALSE,TRUE,"no conflict-free acyclic floating assignment"
263,FALSE,FALSE,TRUE,"empty input or whitespace"
264,FALSE,FALSE,TRUE,"floating part requires linkage"
265,FALSE,FALSE,TRUE,"floating part requires linkage"
266,FALSE,FALSE,TRUE,"floating part requires linkage"
267,FALSE,FALSE,TRUE,"invalid parent indices"
268,FALSE,FALSE,TRUE,"invalid parent indices"
269,FALSE,FALSE,TRUE,"duplicate parent indices"
270,FALSE,FALSE,TRUE,"missing or malformed main tree"
271,FALSE,FALSE,TRUE,"invalid floating block"
272,FALSE,FALSE,TRUE,"empty input or whitespace"
273,FALSE,FALSE,TRUE,"unknown monosaccharide"
274,FALSE,FALSE,TRUE,"invalid residue syntax"
275,FALSE,FALSE,TRUE,"empty input or whitespace"
276,FALSE,FALSE,TRUE,"missing or malformed main tree"
277,FALSE,FALSE,TRUE,"unknown monosaccharide"
278,FALSE,FALSE,TRUE,"empty input or whitespace"
279,FALSE,FALSE,TRUE,"missing or malformed main tree"
280,FALSE,FALSE,TRUE,"empty input or whitespace"
281,FALSE,FALSE,TRUE,"missing or malformed main tree"
282,FALSE,FALSE,TRUE,"missing or malformed main tree"
283,TRUE,TRUE,TRUE,""
284,TRUE,TRUE,TRUE,""
285,FALSE,FALSE,TRUE,"empty input or whitespace"
286,TRUE,TRUE,TRUE,""
287,FALSE,FALSE,TRUE,"empty input or whitespace"
288,TRUE,TRUE,TRUE,""
289,FALSE,FALSE,TRUE,"unknown monosaccharide"
290,FALSE,FALSE,TRUE,"unknown monosaccharide"
291,FALSE,FALSE,TRUE,"empty input or whitespace"
292,TRUE,TRUE,TRUE,""
293,FALSE,FALSE,TRUE,"unknown monosaccharide"
294,FALSE,FALSE,TRUE,"invalid residue syntax"
295,TRUE,TRUE,TRUE,""
296,TRUE,TRUE,TRUE,""
297,FALSE,FALSE,TRUE,"empty input or whitespace"
298,TRUE,TRUE,TRUE,""
299,TRUE,TRUE,TRUE,""
300,FALSE,FALSE,TRUE,"empty input or whitespace"
301,TRUE,TRUE,TRUE,""
302,FALSE,FALSE,TRUE,"empty input or whitespace"
303,FALSE,FALSE,TRUE,"invalid residue syntax"
304,FALSE,FALSE,TRUE,"invalid residue syntax"
305,FALSE,FALSE,TRUE,"empty input or whitespace"
306,FALSE,FALSE,TRUE,"unknown monosaccharide"
307,FALSE,FALSE,TRUE,"empty input or whitespace"
308,FALSE,FALSE,TRUE,"invalid residue syntax"
309,FALSE,FALSE,TRUE,"invalid residue syntax"
310,FALSE,FALSE,TRUE,"empty input or whitespace"
311,FALSE,FALSE,TRUE,"invalid residue syntax"
312,FALSE,FALSE,TRUE,"empty input or whitespace"
313,FALSE,FALSE,TRUE,"unknown monosaccharide"
314,FALSE,FALSE,TRUE,"unknown monosaccharide"
315,FALSE,FALSE,TRUE,"unknown monosaccharide"
316,TRUE,TRUE,TRUE,""
317,FALSE,FALSE,TRUE,"unknown monosaccharide"
318,FALSE,FALSE,TRUE,"empty input or whitespace"
319,FALSE,FALSE,TRUE,"empty input or whitespace"
320,FALSE,FALSE,TRUE,"empty input or whitespace"
321,FALSE,FALSE,TRUE,"empty input or whitespace"
322,FALSE,FALSE,TRUE,"empty input or whitespace"
323,FALSE,FALSE,TRUE,"empty input or whitespace"
324,FALSE,FALSE,TRUE,"empty input or whitespace"
325,FALSE,FALSE,TRUE,"floating components cannot reach main"
326,TRUE,TRUE,TRUE,""
327,FALSE,FALSE,TRUE,"empty input or whitespace"
328,FALSE,FALSE,TRUE,"empty input or whitespace"
329,FALSE,FALSE,TRUE,"invalid residue syntax"
330,FALSE,FALSE,TRUE,"empty input or whitespace"
331,FALSE,FALSE,TRUE,"empty input or whitespace"
332,FALSE,FALSE,TRUE,"invalid residue syntax"
333,FALSE,FALSE,TRUE,"empty input or whitespace"
334,FALSE,FALSE,TRUE,"unbalanced branch or empty tree"
335,FALSE,FALSE,TRUE,"unknown monosaccharide"
336,FALSE,FALSE,TRUE,"unknown monosaccharide"
337,FALSE,FALSE,TRUE,"empty input or whitespace"
338,TRUE,TRUE,TRUE,""
339,TRUE,TRUE,TRUE,""
340,FALSE,FALSE,TRUE,"empty input or whitespace"
341,TRUE,TRUE,TRUE,""
342,TRUE,TRUE,TRUE,""
343,FALSE,FALSE,TRUE,"empty input or whitespace"
344,FALSE,FALSE,TRUE,"empty input or whitespace"
345,FALSE,FALSE,TRUE,"empty input or whitespace"
346,TRUE,TRUE,TRUE,""
347,FALSE,FALSE,TRUE,"empty input or whitespace"
348,TRUE,TRUE,TRUE,""
349,TRUE,TRUE,TRUE,""
350,FALSE,FALSE,TRUE,"empty input or whitespace"
351,TRUE,TRUE,TRUE,""
352,FALSE,FALSE,TRUE,"missing or malformed main tree"
353,TRUE,TRUE,TRUE,""
354,FALSE,FALSE,TRUE,"empty input or whitespace"
355,TRUE,TRUE,TRUE,""
356,FALSE,FALSE,TRUE,"unknown monosaccharide"
357,FALSE,FALSE,TRUE,"unknown monosaccharide"
358,FALSE,FALSE,TRUE,"empty input or whitespace"
359,TRUE,TRUE,TRUE,""
360,TRUE,TRUE,TRUE,""
361,FALSE,FALSE,TRUE,"unknown monosaccharide"
362,FALSE,FALSE,TRUE,"empty input or whitespace"
363,FALSE,FALSE,TRUE,"unknown monosaccharide"
364,FALSE,FALSE,TRUE,"branch without parent"
365,FALSE,FALSE,TRUE,"invalid residue syntax"
366,FALSE,FALSE,TRUE,"invalid residue syntax"
367,TRUE,TRUE,TRUE,""
368,FALSE,FALSE,TRUE,"empty input or whitespace"
369,FALSE,FALSE,TRUE,"empty input or whitespace"
370,FALSE,FALSE,TRUE,"empty input or whitespace"
371,TRUE,TRUE,TRUE,""
372,TRUE,TRUE,TRUE,""
373,TRUE,TRUE,TRUE,""
374,FALSE,FALSE,TRUE,"empty input or whitespace"
375,TRUE,TRUE,TRUE,""
376,TRUE,TRUE,TRUE,""
377,TRUE,TRUE,TRUE,""
378,TRUE,TRUE,TRUE,""
379,TRUE,TRUE,TRUE,""
380,TRUE,TRUE,TRUE,""
381,TRUE,TRUE,TRUE,""
382,TRUE,TRUE,TRUE,""
383,TRUE,TRUE,TRUE,""
384,TRUE,TRUE,TRUE,""
385,FALSE,FALSE,TRUE,"unknown monosaccharide"
386,FALSE,FALSE,TRUE,"empty input or whitespace"
387,FALSE,FALSE,TRUE,"unknown monosaccharide"
388,FALSE,FALSE,TRUE,"unknown monosaccharide"
389,FALSE,FALSE,TRUE,"unknown monosaccharide"
390,FALSE,FALSE,TRUE,"empty input or whitespace"
391,FALSE,FALSE,TRUE,"empty input or whitespace"
392,TRUE,TRUE,TRUE,""
393,TRUE,TRUE,TRUE,""
394,TRUE,TRUE,TRUE,""
395,TRUE,TRUE,TRUE,""
396,TRUE,TRUE,TRUE,""
397,TRUE,TRUE,TRUE,""
398,TRUE,TRUE,TRUE,""
399,TRUE,TRUE,TRUE,""
400,TRUE,TRUE,TRUE,""
401,FALSE,FALSE,TRUE,"empty input or whitespace"
402,TRUE,TRUE,TRUE,""
403,TRUE,TRUE,TRUE,""
404,TRUE,TRUE,TRUE,""
405,FALSE,FALSE,TRUE,"empty input or whitespace"
406,TRUE,TRUE,TRUE,""
407,TRUE,TRUE,TRUE,""
408,TRUE,TRUE,TRUE,""
409,TRUE,TRUE,TRUE,""
410,TRUE,TRUE,TRUE,""
411,FALSE,FALSE,TRUE,"empty input or whitespace"
412,FALSE,FALSE,TRUE,"empty input or whitespace"
413,TRUE,TRUE,TRUE,""
414,FALSE,FALSE,TRUE,"empty input or whitespace"
415,FALSE,FALSE,TRUE,"empty input or whitespace"
416,FALSE,FALSE,TRUE,"invalid residue syntax"
417,FALSE,FALSE,TRUE,"empty input or whitespace"
418,FALSE,FALSE,TRUE,"empty input or whitespace"
419,FALSE,FALSE,TRUE,"empty input or whitespace"
420,FALSE,FALSE,TRUE,"empty input or whitespace"
421,FALSE,FALSE,TRUE,"empty input or whitespace"
422,FALSE,FALSE,TRUE,"empty input or whitespace"
423,FALSE,FALSE,TRUE,"empty input or whitespace"
424,FALSE,FALSE,TRUE,"malformed branch"
425,FALSE,FALSE,TRUE,"missing or misplaced linkage"
426,FALSE,FALSE,TRUE,"branch without parent"
427,FALSE,FALSE,TRUE,"malformed branch"
428,FALSE,FALSE,TRUE,"empty input or whitespace"
429,FALSE,FALSE,TRUE,"invalid linkage"
430,FALSE,FALSE,TRUE,"invalid linkage"
431,FALSE,FALSE,TRUE,"invalid linkage"
432,FALSE,FALSE,TRUE,"invalid linkage"
433,FALSE,FALSE,TRUE,"invalid linkage"
434,FALSE,FALSE,TRUE,"invalid linkage"
435,FALSE,FALSE,TRUE,"invalid linkage"
436,FALSE,FALSE,TRUE,"invalid linkage"
437,FALSE,FALSE,TRUE,"empty input or whitespace"
438,FALSE,FALSE,TRUE,"unknown monosaccharide"
439,FALSE,FALSE,TRUE,"unknown monosaccharide"
440,FALSE,FALSE,TRUE,"unknown monosaccharide"
441,FALSE,FALSE,TRUE,"unknown monosaccharide"
442,FALSE,FALSE,TRUE,"invalid residue syntax"
443,FALSE,FALSE,TRUE,"invalid residue syntax"
444,FALSE,FALSE,TRUE,"invalid residue syntax"
445,FALSE,FALSE,TRUE,"unknown monosaccharide"
446,FALSE,FALSE,TRUE,"empty input or whitespace"
447,TRUE,TRUE,TRUE,""
448,TRUE,TRUE,TRUE,""
449,TRUE,TRUE,TRUE,""
450,FALSE,FALSE,TRUE,"empty input or whitespace"
451,FALSE,FALSE,TRUE,"unknown monosaccharide"
452,FALSE,FALSE,TRUE,"unknown monosaccharide"
453,FALSE,FALSE,TRUE,"unknown monosaccharide"
454,FALSE,FALSE,TRUE,"empty input or whitespace"
455,TRUE,TRUE,TRUE,""
456,FALSE,FALSE,TRUE,"empty input or whitespace"
457,FALSE,FALSE,TRUE,"invalid residue syntax"
458,FALSE,FALSE,TRUE,"unknown monosaccharide"
459,FALSE,FALSE,TRUE,"unknown monosaccharide"
460,FALSE,FALSE,TRUE,"empty input or whitespace"
461,TRUE,TRUE,TRUE,""
462,FALSE,FALSE,TRUE,"unknown monosaccharide"
463,FALSE,FALSE,TRUE,"empty input or whitespace"
464,TRUE,TRUE,TRUE,""
465,TRUE,TRUE,TRUE,""
466,TRUE,TRUE,TRUE,""
467,FALSE,FALSE,TRUE,"empty input or whitespace"
468,FALSE,FALSE,TRUE,"malformed branch"
469,FALSE,FALSE,TRUE,"branch without parent"
470,FALSE,FALSE,TRUE,"empty input or whitespace"
471,TRUE,TRUE,TRUE,""
472,TRUE,TRUE,TRUE,""
473,FALSE,FALSE,TRUE,"empty input or whitespace"
474,TRUE,TRUE,TRUE,""
475,FALSE,FALSE,TRUE,"unknown monosaccharide"
476,TRUE,TRUE,TRUE,""
477,FALSE,FALSE,TRUE,"empty input or whitespace"
478,TRUE,TRUE,TRUE,""
479,FALSE,FALSE,TRUE,"invalid residue syntax"
480,FALSE,FALSE,TRUE,"empty input or whitespace"
481,TRUE,TRUE,TRUE,""
482,TRUE,TRUE,TRUE,""
483,FALSE,FALSE,TRUE,"invalid residue syntax"
484,FALSE,FALSE,TRUE,"invalid residue syntax"
485,FALSE,FALSE,TRUE,"empty input or whitespace"
486,TRUE,TRUE,TRUE,""
487,TRUE,TRUE,TRUE,""
488,TRUE,TRUE,TRUE,""
489,TRUE,TRUE,TRUE,""
490,TRUE,TRUE,TRUE,""
491,FALSE,FALSE,TRUE,"invalid residue syntax"
492,FALSE,FALSE,TRUE,"invalid residue syntax"
493,FALSE,FALSE,TRUE,"invalid residue syntax"
494,FALSE,FALSE,TRUE,"empty input or whitespace"
495,TRUE,TRUE,TRUE,""
496,TRUE,TRUE,TRUE,""
497,TRUE,TRUE,TRUE,""
498,FALSE,FALSE,TRUE,"empty input or whitespace"
499,FALSE,FALSE,TRUE,"unknown monosaccharide"
500,FALSE,FALSE,TRUE,"unknown monosaccharide"
501,FALSE,FALSE,TRUE,"unknown monosaccharide"
502,FALSE,FALSE,TRUE,"empty input or whitespace"
503,TRUE,TRUE,TRUE,""
504,TRUE,TRUE,TRUE,""
505,TRUE,TRUE,TRUE,""
506,TRUE,TRUE,TRUE,""
507,FALSE,FALSE,TRUE,"unknown monosaccharide"
508,FALSE,FALSE,TRUE,"unknown monosaccharide"
509,FALSE,FALSE,TRUE,"unknown monosaccharide"
510,FALSE,FALSE,TRUE,"unknown monosaccharide"
511,FALSE,FALSE,TRUE,"empty input or whitespace"
512,TRUE,TRUE,TRUE,""
513,TRUE,TRUE,TRUE,""
514,FALSE,FALSE,TRUE,"unknown monosaccharide"
515,FALSE,FALSE,TRUE,"unknown monosaccharide"
516,FALSE,FALSE,TRUE,"empty input or whitespace"
517,TRUE,TRUE,TRUE,""
518,TRUE,TRUE,TRUE,""
519,FALSE,FALSE,TRUE,"invalid residue syntax"
520,TRUE,TRUE,TRUE,""
521,FALSE,FALSE,TRUE,"unknown monosaccharide"
522,FALSE,FALSE,TRUE,"empty input or whitespace"
523,TRUE,TRUE,TRUE,""
524,TRUE,TRUE,TRUE,""
525,TRUE,TRUE,TRUE,""
526,FALSE,FALSE,TRUE,"empty input or whitespace"
527,TRUE,TRUE,TRUE,""
528,FALSE,FALSE,TRUE,"unknown monosaccharide"
529,TRUE,TRUE,TRUE,""
530,FALSE,FALSE,TRUE,"invalid residue syntax"
531,TRUE,TRUE,TRUE,""
532,FALSE,FALSE,TRUE,"empty input or whitespace"
533,FALSE,FALSE,TRUE,"empty input or whitespace"
534,TRUE,TRUE,TRUE,""
535,FALSE,FALSE,TRUE,"invalid residue syntax"
536,FALSE,FALSE,TRUE,"empty input or whitespace"
537,FALSE,FALSE,TRUE,"conflicting Neu markers"
538,FALSE,FALSE,TRUE,"empty input or whitespace"
539,FALSE,FALSE,TRUE,"conflicting Neu markers"
540,FALSE,FALSE,TRUE,"empty input or whitespace"
541,TRUE,TRUE,TRUE,""
542,TRUE,TRUE,TRUE,""
543,TRUE,TRUE,TRUE,""
544,TRUE,TRUE,TRUE,""
545,FALSE,FALSE,TRUE,"empty input or whitespace"
546,TRUE,TRUE,TRUE,""
547,FALSE,FALSE,TRUE,"invalid residue syntax"
548,FALSE,FALSE,TRUE,"empty input or whitespace"
549,FALSE,FALSE,TRUE,"missing or misplaced linkage"
550,TRUE,TRUE,TRUE,""
551,FALSE,FALSE,TRUE,"unknown monosaccharide"
552,FALSE,FALSE,TRUE,"invalid residue syntax"
553,FALSE,FALSE,TRUE,"empty input or whitespace"
554,TRUE,TRUE,TRUE,""
555,FALSE,FALSE,TRUE,"unknown monosaccharide"
556,FALSE,FALSE,TRUE,"empty input or whitespace"
557,TRUE,TRUE,TRUE,""
558,FALSE,FALSE,TRUE,"empty input or whitespace"
559,FALSE,FALSE,TRUE,"empty input or whitespace"
560,FALSE,FALSE,TRUE,"empty input or whitespace"
561,TRUE,TRUE,TRUE,""
562,FALSE,FALSE,TRUE,"empty input or whitespace"
563,FALSE,FALSE,TRUE,"empty input or whitespace"
564,TRUE,TRUE,TRUE,""
565,FALSE,FALSE,TRUE,"empty input or whitespace"
566,FALSE,FALSE,TRUE,"empty input or whitespace"
567,TRUE,TRUE,TRUE,""
568,FALSE,FALSE,TRUE,"empty input or whitespace"
569,TRUE,TRUE,TRUE,""
570,FALSE,FALSE,TRUE,"empty input or whitespace"
571,FALSE,FALSE,TRUE,"unknown monosaccharide"
572,TRUE,TRUE,TRUE,""
573,FALSE,FALSE,TRUE,"empty input or whitespace"
574,TRUE,TRUE,TRUE,""
575,FALSE,FALSE,TRUE,"empty input or whitespace"
576,FALSE,FALSE,TRUE,"empty input or whitespace"
577,FALSE,FALSE,TRUE,"unknown monosaccharide"
578,FALSE,FALSE,TRUE,"invalid residue syntax"
579,FALSE,FALSE,TRUE,"invalid residue syntax"
580,FALSE,FALSE,TRUE,"empty input or whitespace"
581,TRUE,TRUE,TRUE,""
582,TRUE,TRUE,TRUE,""
583,TRUE,TRUE,TRUE,""
584,FALSE,FALSE,TRUE,"empty input or whitespace"
585,FALSE,FALSE,TRUE,"empty input or whitespace"
586,FALSE,FALSE,TRUE,"invalid residue syntax"
587,TRUE,TRUE,TRUE,""
588,FALSE,FALSE,TRUE,"invalid residue syntax"
589,FALSE,FALSE,TRUE,"unknown monosaccharide"
590,FALSE,FALSE,TRUE,"invalid residue syntax"
591,FALSE,FALSE,TRUE,"empty input or whitespace"
592,TRUE,TRUE,TRUE,""
593,TRUE,TRUE,TRUE,""
594,FALSE,FALSE,TRUE,"empty input or whitespace"
595,FALSE,FALSE,TRUE,"empty input or whitespace"
596,TRUE,TRUE,TRUE,""
597,FALSE,FALSE,TRUE,"empty input or whitespace"
598,TRUE,TRUE,TRUE,""
599,FALSE,FALSE,TRUE,"empty input or whitespace"
600,FALSE,FALSE,TRUE,"unknown monosaccharide"
601,FALSE,FALSE,TRUE,"unknown monosaccharide"
602,FALSE,FALSE,TRUE,"unknown monosaccharide"
603,FALSE,FALSE,TRUE,"empty input or whitespace"
604,FALSE,FALSE,TRUE,"empty input or whitespace"
605,FALSE,FALSE,TRUE,"invalid residue syntax"
606,FALSE,FALSE,TRUE,"invalid residue syntax"
607,FALSE,FALSE,TRUE,"empty input or whitespace"
608,FALSE,FALSE,TRUE,"invalid residue syntax"
609,FALSE,FALSE,TRUE,"invalid residue syntax"
610,FALSE,FALSE,TRUE,"invalid residue syntax"
611,FALSE,FALSE,TRUE,"invalid residue syntax"
612,FALSE,FALSE,TRUE,"invalid residue syntax"
613,FALSE,FALSE,TRUE,"invalid residue syntax"
614,FALSE,FALSE,TRUE,"empty input or whitespace"
615,FALSE,FALSE,TRUE,"invalid residue syntax"
616,FALSE,FALSE,TRUE,"invalid residue syntax"
617,FALSE,FALSE,TRUE,"invalid residue syntax"
618,FALSE,FALSE,TRUE,"invalid residue syntax"
619,FALSE,FALSE,TRUE,"invalid residue syntax"
620,FALSE,FALSE,TRUE,"empty input or whitespace"
621,FALSE,FALSE,TRUE,"invalid residue syntax"
622,FALSE,FALSE,TRUE,"invalid residue syntax"
623,FALSE,FALSE,TRUE,"empty input or whitespace"
624,FALSE,FALSE,TRUE,"empty input or whitespace"
625,FALSE,FALSE,TRUE,"invalid residue syntax"
626,FALSE,FALSE,TRUE,"invalid residue syntax"
627,FALSE,FALSE,TRUE,"invalid residue syntax"
628,FALSE,FALSE,TRUE,"invalid residue syntax"
629,FALSE,FALSE,TRUE,"invalid residue syntax"
630,FALSE,FALSE,TRUE,"invalid residue syntax"
631,FALSE,FALSE,TRUE,"empty input or whitespace"
632,FALSE,FALSE,TRUE,"invalid residue syntax"
633,FALSE,FALSE,TRUE,"invalid residue syntax"
634,FALSE,FALSE,TRUE,"invalid residue syntax"
635,FALSE,FALSE,TRUE,"invalid residue syntax"
636,FALSE,FALSE,TRUE,"empty input or whitespace"
637,FALSE,FALSE,TRUE,"invalid residue syntax"
638,FALSE,FALSE,TRUE,"invalid residue syntax"
639,FALSE,FALSE,TRUE,"invalid residue syntax"
640,FALSE,FALSE,TRUE,"invalid residue syntax"
641,FALSE,FALSE,TRUE,"empty input or whitespace"
642,FALSE,FALSE,TRUE,"empty input or whitespace"
643,TRUE,TRUE,TRUE,""
644,FALSE,FALSE,TRUE,"empty input or whitespace"
645,FALSE,FALSE,TRUE,"invalid residue syntax"
646,TRUE,TRUE,TRUE,""
647,TRUE,TRUE,TRUE,""
648,TRUE,TRUE,TRUE,""
649,TRUE,TRUE,TRUE,""
650,TRUE,TRUE,TRUE,""
651,TRUE,TRUE,TRUE,""
652,TRUE,TRUE,TRUE,""
653,TRUE,TRUE,TRUE,""
654,TRUE,TRUE,TRUE,""
655,TRUE,TRUE,TRUE,""
656,TRUE,TRUE,TRUE,""
657,TRUE,TRUE,TRUE,""
658,TRUE,TRUE,TRUE,""
659,TRUE,TRUE,TRUE,""
660,TRUE,TRUE,TRUE,""
661,TRUE,TRUE,TRUE,""
662,TRUE,TRUE,TRUE,""
663,TRUE,TRUE,TRUE,""
664,TRUE,TRUE,TRUE,""
665,TRUE,TRUE,TRUE,""
666,TRUE,TRUE,TRUE,""
667,TRUE,TRUE,TRUE,""
668,TRUE,TRUE,TRUE,""
669,TRUE,TRUE,TRUE,""
670,TRUE,TRUE,TRUE,""
671,TRUE,TRUE,TRUE,""
672,TRUE,TRUE,TRUE,""
673,TRUE,TRUE,TRUE,""
674,TRUE,TRUE,TRUE,""
675,TRUE,TRUE,TRUE,""
676,TRUE,TRUE,TRUE,""
677,TRUE,TRUE,TRUE,""
678,TRUE,TRUE,TRUE,""
679,TRUE,TRUE,TRUE,""
680,TRUE,TRUE,TRUE,""
681,TRUE,TRUE,TRUE,""
682,TRUE,TRUE,TRUE,""
683,TRUE,TRUE,TRUE,""
684,TRUE,TRUE,TRUE,""
685,TRUE,TRUE,TRUE,""
686,TRUE,TRUE,TRUE,""
687,TRUE,TRUE,TRUE,""
688,TRUE,TRUE,TRUE,""
689,TRUE,TRUE,TRUE,""
690,TRUE,TRUE,TRUE,""
691,TRUE,TRUE,TRUE,""
692,TRUE,TRUE,TRUE,""
693,TRUE,TRUE,TRUE,""
694,TRUE,TRUE,TRUE,""
695,TRUE,TRUE,TRUE,""
696,TRUE,TRUE,TRUE,""
697,TRUE,TRUE,TRUE,""
698,TRUE,TRUE,TRUE,""
699,TRUE,TRUE,TRUE,""
700,TRUE,TRUE,TRUE,""
701,TRUE,TRUE,TRUE,""
702,TRUE,TRUE,TRUE,""
703,TRUE,TRUE,TRUE,""
704,TRUE,TRUE,TRUE,""
705,TRUE,TRUE,TRUE,""
706,TRUE,TRUE,TRUE,""
707,TRUE,TRUE,TRUE,""
708,TRUE,TRUE,TRUE,""
709,TRUE,TRUE,TRUE,""
710,TRUE,TRUE,TRUE,""
711,TRUE,TRUE,TRUE,""
712,TRUE,TRUE,TRUE,""
713,TRUE,TRUE,TRUE,""
714,TRUE,TRUE,TRUE,""
715,TRUE,TRUE,TRUE,""
716,TRUE,TRUE,TRUE,""
717,TRUE,TRUE,TRUE,""
718,TRUE,TRUE,TRUE,""
719,TRUE,TRUE,TRUE,""
720,TRUE,TRUE,TRUE,""
721,TRUE,TRUE,TRUE,""
722,TRUE,TRUE,TRUE,""
723,TRUE,TRUE,TRUE,""
724,TRUE,TRUE,TRUE,""
725,TRUE,TRUE,TRUE,""
726,TRUE,TRUE,TRUE,""
727,TRUE,TRUE,TRUE,""
728,TRUE,TRUE,TRUE,""
729,TRUE,TRUE,TRUE,""
730,TRUE,TRUE,TRUE,""
731,TRUE,TRUE,TRUE,""
732,TRUE,TRUE,TRUE,""
733,TRUE,TRUE,TRUE,""
734,TRUE,TRUE,TRUE,""
735,TRUE,TRUE,TRUE,""
736,TRUE,TRUE,TRUE,""
737,TRUE,TRUE,TRUE,""
738,TRUE,TRUE,TRUE,""
739,TRUE,TRUE,TRUE,""
740,TRUE,TRUE,TRUE,""
741,TRUE,TRUE,TRUE,""
742,TRUE,TRUE,TRUE,""
743,TRUE,TRUE,TRUE,""
744,TRUE,TRUE,TRUE,""
745,TRUE,TRUE,TRUE,""
746,TRUE,TRUE,TRUE,""
747,TRUE,TRUE,TRUE,""
748,TRUE,TRUE,TRUE,""
749,TRUE,TRUE,TRUE,""
750,TRUE,TRUE,TRUE,""
751,TRUE,TRUE,TRUE,""
752,TRUE,TRUE,TRUE,""
753,TRUE,TRUE,TRUE,""
754,TRUE,TRUE,TRUE,""
755,TRUE,TRUE,TRUE,""
756,TRUE,TRUE,TRUE,""
757,TRUE,TRUE,TRUE,""
758,TRUE,TRUE,TRUE,""
759,TRUE,TRUE,TRUE,""
760,TRUE,TRUE,TRUE,""
761,TRUE,TRUE,TRUE,""
762,TRUE,TRUE,TRUE,""
763,TRUE,TRUE,TRUE,""
764,TRUE,TRUE,TRUE,""
765,TRUE,TRUE,TRUE,""
766,TRUE,TRUE,TRUE,""
767,TRUE,TRUE,TRUE,""
768,TRUE,TRUE,TRUE,""
769,TRUE,TRUE,TRUE,""
770,TRUE,TRUE,TRUE,""
771,TRUE,TRUE,TRUE,""
772,TRUE,TRUE,TRUE,""
773,TRUE,TRUE,TRUE,""
774,TRUE,TRUE,TRUE,""
775,TRUE,TRUE,TRUE,""
776,TRUE,TRUE,TRUE,""
777,TRUE,TRUE,TRUE,""
778,TRUE,TRUE,TRUE,""
779,TRUE,TRUE,TRUE,""
780,TRUE,TRUE,TRUE,""
781,TRUE,TRUE,TRUE,""
782,TRUE,TRUE,TRUE,""
783,TRUE,TRUE,TRUE,""
784,TRUE,TRUE,TRUE,""
785,TRUE,TRUE,TRUE,""
786,TRUE,TRUE,TRUE,""
787,TRUE,TRUE,TRUE,""
788,TRUE,TRUE,TRUE,""
789,TRUE,TRUE,TRUE,""
790,TRUE,TRUE,TRUE,""
791,TRUE,TRUE,TRUE,""
792,TRUE,TRUE,TRUE,""
793,TRUE,TRUE,TRUE,""
794,TRUE,TRUE,TRUE,""
795,TRUE,TRUE,TRUE,""
796,TRUE,TRUE,TRUE,""
797,TRUE,TRUE,TRUE,""
798,TRUE,TRUE,TRUE,""
799,TRUE,TRUE,TRUE,""
800,TRUE,TRUE,TRUE,""
801,TRUE,TRUE,TRUE,""
802,TRUE,TRUE,TRUE,""
803,TRUE,TRUE,TRUE,""
804,TRUE,TRUE,TRUE,""
805,TRUE,TRUE,TRUE,""
806,TRUE,TRUE,TRUE,""
807,TRUE,TRUE,TRUE,""
808,TRUE,TRUE,TRUE,""
809,TRUE,TRUE,TRUE,""
810,TRUE,TRUE,TRUE,""
811,TRUE,TRUE,TRUE,""
812,TRUE,TRUE,TRUE,""
813,TRUE,TRUE,TRUE,""
814,TRUE,TRUE,TRUE,""
815,TRUE,TRUE,TRUE,""
816,TRUE,TRUE,TRUE,""
817,TRUE,TRUE,TRUE,""
818,TRUE,TRUE,TRUE,""
819,TRUE,TRUE,TRUE,""
820,TRUE,TRUE,TRUE,""
821,TRUE,TRUE,TRUE,""
822,TRUE,TRUE,TRUE,""
823,TRUE,TRUE,TRUE,""
824,TRUE,TRUE,TRUE,""
825,TRUE,TRUE,TRUE,""
826,TRUE,TRUE,TRUE,""
827,TRUE,TRUE,TRUE,""
828,TRUE,TRUE,TRUE,""
829,TRUE,TRUE,TRUE,""
830,TRUE,TRUE,TRUE,""
831,TRUE,TRUE,TRUE,""
832,TRUE,TRUE,TRUE,""
833,TRUE,TRUE,TRUE,""
834,TRUE,TRUE,TRUE,""
835,TRUE,TRUE,TRUE,""
836,TRUE,TRUE,TRUE,""
837,TRUE,TRUE,TRUE,""
838,TRUE,TRUE,TRUE,""
839,TRUE,TRUE,TRUE,""
840,TRUE,TRUE,TRUE,""
841,TRUE,TRUE,TRUE,""
842,TRUE,TRUE,TRUE,""
843,TRUE,TRUE,TRUE,""
844,TRUE,TRUE,TRUE,""
845,TRUE,TRUE,TRUE,""
846,TRUE,TRUE,TRUE,""
847,TRUE,TRUE,TRUE,""
848,TRUE,TRUE,TRUE,""
849,TRUE,TRUE,TRUE,""
850,TRUE,TRUE,TRUE,""
851,TRUE,TRUE,TRUE,""
852,TRUE,TRUE,TRUE,""
853,TRUE,TRUE,TRUE,""
854,TRUE,TRUE,TRUE,""
855,TRUE,TRUE,TRUE,""
856,TRUE,TRUE,TRUE,""
857,TRUE,TRUE,TRUE,""
858,TRUE,TRUE,TRUE,""
859,TRUE,TRUE,TRUE,""
860,TRUE,TRUE,TRUE,""
861,TRUE,TRUE,TRUE,""
862,TRUE,TRUE,TRUE,""
863,TRUE,TRUE,TRUE,""
864,TRUE,TRUE,TRUE,""
865,TRUE,TRUE,TRUE,""
866,TRUE,TRUE,TRUE,""
867,TRUE,TRUE,TRUE,""
868,TRUE,TRUE,TRUE,""
869,TRUE,TRUE,TRUE,""
870,TRUE,TRUE,TRUE,""
871,TRUE,TRUE,TRUE,""
872,TRUE,TRUE,TRUE,""
873,TRUE,TRUE,TRUE,""
874,TRUE,TRUE,TRUE,""
875,TRUE,TRUE,TRUE,""
876,TRUE,TRUE,TRUE,""
877,TRUE,TRUE,TRUE,""
878,TRUE,TRUE,TRUE,""
879,TRUE,TRUE,TRUE,""
880,TRUE,TRUE,TRUE,""
881,TRUE,TRUE,TRUE,""
882,TRUE,TRUE,TRUE,""
883,TRUE,TRUE,TRUE,""
884,TRUE,TRUE,TRUE,""
885,TRUE,TRUE,TRUE,""
886,TRUE,TRUE,TRUE,""
887,TRUE,TRUE,TRUE,""
888,TRUE,TRUE,TRUE,""
889,TRUE,TRUE,TRUE,""
890,TRUE,TRUE,TRUE,""
891,TRUE,TRUE,TRUE,""
892,TRUE,TRUE,TRUE,""
893,TRUE,TRUE,TRUE,""
894,TRUE,TRUE,TRUE,""
895,TRUE,TRUE,TRUE,""
896,TRUE,TRUE,TRUE,""
897,TRUE,TRUE,TRUE,""
898,TRUE,TRUE,TRUE,""
899,TRUE,TRUE,TRUE,""
900,TRUE,TRUE,TRUE,""
901,TRUE,TRUE,TRUE,""
902,TRUE,TRUE,TRUE,""
903,TRUE,TRUE,TRUE,""
904,TRUE,TRUE,TRUE,""
905,TRUE,TRUE,TRUE,""
906,TRUE,TRUE,TRUE,""
907,TRUE,TRUE,TRUE,""
908,TRUE,TRUE,TRUE,""
909,TRUE,TRUE,TRUE,""
910,TRUE,TRUE,TRUE,""
911,TRUE,TRUE,TRUE,""
912,TRUE,TRUE,TRUE,""
913,TRUE,TRUE,TRUE,""
914,TRUE,TRUE,TRUE,""
915,TRUE,TRUE,TRUE,""
916,TRUE,TRUE,TRUE,""
917,TRUE,TRUE,TRUE,""
918,TRUE,TRUE,TRUE,""
919,TRUE,TRUE,TRUE,""
920,TRUE,TRUE,TRUE,""
921,TRUE,TRUE,TRUE,""
922,TRUE,TRUE,TRUE,""
923,TRUE,TRUE,TRUE,""
924,TRUE,TRUE,TRUE,""
925,TRUE,TRUE,TRUE,""
926,TRUE,TRUE,TRUE,""
927,TRUE,TRUE,TRUE,""
928,TRUE,TRUE,TRUE,""
929,TRUE,TRUE,TRUE,""
930,TRUE,TRUE,TRUE,""
931,TRUE,TRUE,TRUE,""
932,TRUE,TRUE,TRUE,""
933,TRUE,TRUE,TRUE,""
934,TRUE,TRUE,TRUE,""
935,TRUE,TRUE,TRUE,""
936,TRUE,TRUE,TRUE,""
937,TRUE,TRUE,TRUE,""
938,TRUE,TRUE,TRUE,""
939,TRUE,TRUE,TRUE,""
940,TRUE,TRUE,TRUE,""
941,TRUE,TRUE,TRUE,""
942,TRUE,TRUE,TRUE,""
943,TRUE,TRUE,TRUE,""
944,TRUE,TRUE,TRUE,""
945,TRUE,TRUE,TRUE,""
946,TRUE,TRUE,TRUE,""
947,TRUE,TRUE,TRUE,""
948,TRUE,TRUE,TRUE,""
949,TRUE,TRUE,TRUE,""
950,TRUE,TRUE,TRUE,""
951,TRUE,TRUE,TRUE,""
952,TRUE,TRUE,TRUE,""
953,TRUE,TRUE,TRUE,""
954,TRUE,TRUE,TRUE,""
955,TRUE,TRUE,TRUE,""
956,TRUE,TRUE,TRUE,""
957,TRUE,TRUE,TRUE,""
958,TRUE,TRUE,TRUE,""
959,TRUE,TRUE,TRUE,""
960,TRUE,TRUE,TRUE,""
961,TRUE,TRUE,TRUE,""
962,TRUE,TRUE,TRUE,""
963,TRUE,TRUE,TRUE,""
964,TRUE,TRUE,TRUE,""
965,TRUE,TRUE,TRUE,""
966,TRUE,TRUE,TRUE,""
967,TRUE,TRUE,TRUE,""
968,TRUE,TRUE,TRUE,""
969,TRUE,TRUE,TRUE,""
970,TRUE,TRUE,TRUE,""
971,TRUE,TRUE,TRUE,""
972,TRUE,TRUE,TRUE,""
973,TRUE,TRUE,TRUE,""
974,TRUE,TRUE,TRUE,""
975,TRUE,TRUE,TRUE,""
976,TRUE,TRUE,TRUE,""
977,TRUE,TRUE,TRUE,""
978,TRUE,TRUE,TRUE,""
979,TRUE,TRUE,TRUE,""
980,TRUE,TRUE,TRUE,""
981,TRUE,TRUE,TRUE,""
982,TRUE,TRUE,TRUE,""
983,TRUE,TRUE,TRUE,""
984,TRUE,TRUE,TRUE,""
985,TRUE,TRUE,TRUE,""
986,TRUE,TRUE,TRUE,""
987,TRUE,TRUE,TRUE,""
988,TRUE,TRUE,TRUE,""
989,TRUE,TRUE,TRUE,""
990,TRUE,TRUE,TRUE,""
991,TRUE,TRUE,TRUE,""
992,TRUE,TRUE,TRUE,""
993,TRUE,TRUE,TRUE,""
994,TRUE,TRUE,TRUE,""
995,TRUE,TRUE,TRUE,""
996,TRUE,TRUE,TRUE,""
997,TRUE,TRUE,TRUE,""
998,TRUE,TRUE,TRUE,""
999,TRUE,TRUE,TRUE,""
1000,TRUE,TRUE,TRUE,""
1001,TRUE,TRUE,TRUE,""
1002,TRUE,TRUE,TRUE,""
1003,TRUE,TRUE,TRUE,""
1004,TRUE,TRUE,TRUE,""
1005,TRUE,TRUE,TRUE,""
1006,TRUE,TRUE,TRUE,""
1007,TRUE,TRUE,TRUE,""
1008,TRUE,TRUE,TRUE,""
1009,TRUE,TRUE,TRUE,""
1010,TRUE,TRUE,TRUE,""
1011,TRUE,TRUE,TRUE,""
1012,TRUE,TRUE,TRUE,""
1013,TRUE,TRUE,TRUE,""
1014,TRUE,TRUE,TRUE,""
1015,TRUE,TRUE,TRUE,""
1016,TRUE,TRUE,TRUE,""
1017,TRUE,TRUE,TRUE,""
1018,TRUE,TRUE,TRUE,""
1019,TRUE,TRUE,TRUE,""
1020,TRUE,TRUE,TRUE,""
1021,TRUE,TRUE,TRUE,""
1022,TRUE,TRUE,TRUE,""
1023,TRUE,TRUE,TRUE,""
1024,TRUE,TRUE,TRUE,""
1025,TRUE,TRUE,TRUE,""
1026,TRUE,TRUE,TRUE,""
1027,TRUE,TRUE,TRUE,""
1028,TRUE,TRUE,TRUE,""
1029,TRUE,TRUE,TRUE,""
1030,TRUE,TRUE,TRUE,""
1031,TRUE,TRUE,TRUE,""
1032,TRUE,TRUE,TRUE,""
1033,TRUE,TRUE,TRUE,""
1034,TRUE,TRUE,TRUE,""
1035,TRUE,TRUE,TRUE,""
1036,TRUE,TRUE,TRUE,""
1037,TRUE,TRUE,TRUE,""
1038,TRUE,TRUE,TRUE,""
1039,TRUE,TRUE,TRUE,""
1040,TRUE,TRUE,TRUE,""
1041,TRUE,TRUE,TRUE,""
1042,TRUE,TRUE,TRUE,""
1043,TRUE,TRUE,TRUE,""
1044,TRUE,TRUE,TRUE,""
1045,TRUE,TRUE,TRUE,""
1046,TRUE,TRUE,TRUE,""
1047,TRUE,TRUE,TRUE,""
1048,TRUE,TRUE,TRUE,""
1049,TRUE,TRUE,TRUE,""
1050,TRUE,TRUE,TRUE,""
1051,TRUE,TRUE,TRUE,""
1052,TRUE,TRUE,TRUE,""
1053,TRUE,TRUE,TRUE,""
1054,TRUE,TRUE,TRUE,""
1055,TRUE,TRUE,TRUE,""
1056,TRUE,TRUE,TRUE,""
1057,TRUE,TRUE,TRUE,""
1058,TRUE,TRUE,TRUE,""
1059,TRUE,TRUE,TRUE,""
1060,TRUE,TRUE,TRUE,""
1061,TRUE,TRUE,TRUE,""
1062,TRUE,TRUE,TRUE,""
1063,TRUE,TRUE,TRUE,""
1064,TRUE,TRUE,TRUE,""
1065,TRUE,TRUE,TRUE,""
1066,TRUE,TRUE,TRUE,""
1067,TRUE,TRUE,TRUE,""
1068,TRUE,TRUE,TRUE,""
1069,TRUE,TRUE,TRUE,""
1070,TRUE,TRUE,TRUE,""
1071,TRUE,TRUE,TRUE,""
1072,TRUE,TRUE,TRUE,""
1073,TRUE,TRUE,TRUE,""
1074,TRUE,TRUE,TRUE,""
1075,TRUE,TRUE,TRUE,""
1076,TRUE,TRUE,TRUE,""
1077,TRUE,TRUE,TRUE,""
1078,TRUE,TRUE,TRUE,""
1079,TRUE,TRUE,TRUE,""
1080,TRUE,TRUE,TRUE,""
1081,TRUE,TRUE,TRUE,""
1082,TRUE,TRUE,TRUE,""
1083,TRUE,TRUE,TRUE,""
1084,TRUE,TRUE,TRUE,""
1085,TRUE,TRUE,TRUE,""
1086,TRUE,TRUE,TRUE,""
1087,TRUE,TRUE,TRUE,""
1088,TRUE,TRUE,TRUE,""
1089,TRUE,TRUE,TRUE,""
1090,TRUE,TRUE,TRUE,""
1091,TRUE,TRUE,TRUE,""
1092,TRUE,TRUE,TRUE,""
1093,TRUE,TRUE,TRUE,""
1094,TRUE,TRUE,TRUE,""
1095,TRUE,TRUE,TRUE,""
1096,TRUE,TRUE,TRUE,""
1097,TRUE,TRUE,TRUE,""
1098,TRUE,TRUE,TRUE,""
1099,TRUE,TRUE,TRUE,""
1100,TRUE,TRUE,TRUE,""
1101,TRUE,TRUE,TRUE,""
1102,TRUE,TRUE,TRUE,""
1103,TRUE,TRUE,TRUE,""
1104,TRUE,TRUE,TRUE,""
1105,TRUE,TRUE,TRUE,""
1106,TRUE,TRUE,TRUE,""
1107,TRUE,TRUE,TRUE,""
1108,TRUE,TRUE,TRUE,""
1109,TRUE,TRUE,TRUE,""
1110,TRUE,TRUE,TRUE,""
1111,TRUE,TRUE,TRUE,""
1112,TRUE,TRUE,TRUE,""
1113,TRUE,TRUE,TRUE,""
1114,TRUE,TRUE,TRUE,""
1115,TRUE,TRUE,TRUE,""
1116,TRUE,TRUE,TRUE,""
1117,TRUE,TRUE,TRUE,""
1118,TRUE,TRUE,TRUE,""
1119,TRUE,TRUE,TRUE,""
1120,TRUE,TRUE,TRUE,""
1121,TRUE,TRUE,TRUE,""
1122,TRUE,TRUE,TRUE,""
1123,TRUE,TRUE,TRUE,""
1124,TRUE,TRUE,TRUE,""
1125,TRUE,TRUE,TRUE,""
1126,TRUE,TRUE,TRUE,""
1127,TRUE,TRUE,TRUE,""
1128,TRUE,TRUE,TRUE,""
1129,TRUE,TRUE,TRUE,""
1130,TRUE,TRUE,TRUE,""
1131,TRUE,TRUE,TRUE,""
1132,TRUE,TRUE,TRUE,""
1133,TRUE,TRUE,TRUE,""
1134,TRUE,TRUE,TRUE,""
1135,TRUE,TRUE,TRUE,""
1136,TRUE,TRUE,TRUE,""
1137,TRUE,TRUE,TRUE,""
1138,TRUE,TRUE,TRUE,""
1139,TRUE,TRUE,TRUE,""
1140,TRUE,TRUE,TRUE,""
1141,TRUE,TRUE,TRUE,""
1142,TRUE,TRUE,TRUE,""
1143,TRUE,TRUE,TRUE,""
1144,TRUE,TRUE,TRUE,""
1145,TRUE,TRUE,TRUE,""
1146,TRUE,TRUE,TRUE,""
1147,TRUE,TRUE,TRUE,""
1148,TRUE,TRUE,TRUE,""
1149,TRUE,TRUE,TRUE,""
1150,TRUE,TRUE,TRUE,""
1151,TRUE,TRUE,TRUE,""
1152,TRUE,TRUE,TRUE,""
1153,TRUE,TRUE,TRUE,""
1154,TRUE,TRUE,TRUE,""
1155,TRUE,TRUE,TRUE,""
1156,TRUE,TRUE,TRUE,""
1157,TRUE,TRUE,TRUE,""
1158,TRUE,TRUE,TRUE,""
1159,TRUE,TRUE,TRUE,""
1160,TRUE,TRUE,TRUE,""
1161,TRUE,TRUE,TRUE,""
1162,TRUE,TRUE,TRUE,""
1163,TRUE,TRUE,TRUE,""
1164,TRUE,TRUE,TRUE,""
1165,TRUE,TRUE,TRUE,""
1166,TRUE,TRUE,TRUE,""
1167,TRUE,TRUE,TRUE,""
1168,TRUE,TRUE,TRUE,""
1169,TRUE,TRUE,TRUE,""
1170,TRUE,TRUE,TRUE,""
1171,TRUE,TRUE,TRUE,""
1172,TRUE,TRUE,TRUE,""
1173,TRUE,TRUE,TRUE,""
1174,TRUE,TRUE,TRUE,""
1175,TRUE,TRUE,TRUE,""
1176,TRUE,TRUE,TRUE,""
1177,TRUE,TRUE,TRUE,""
1178,TRUE,TRUE,TRUE,""
1179,TRUE,TRUE,TRUE,""
1180,TRUE,TRUE,TRUE,""
1181,TRUE,TRUE,TRUE,""
1182,TRUE,TRUE,TRUE,""
1183,TRUE,TRUE,TRUE,""
1184,TRUE,TRUE,TRUE,""
1185,TRUE,TRUE,TRUE,""
1186,TRUE,TRUE,TRUE,""
1187,TRUE,TRUE,TRUE,""
1188,TRUE,TRUE,TRUE,""
1189,TRUE,TRUE,TRUE,""
1190,TRUE,TRUE,TRUE,""
1191,TRUE,TRUE,TRUE,""
1192,TRUE,TRUE,TRUE,""
1193,TRUE,TRUE,TRUE,""
1194,TRUE,TRUE,TRUE,""
1195,TRUE,TRUE,TRUE,""
1196,TRUE,TRUE,TRUE,""
1197,TRUE,TRUE,TRUE,""
1198,TRUE,TRUE,TRUE,""
1199,TRUE,TRUE,TRUE,""
1200,TRUE,TRUE,TRUE,""
1201,TRUE,TRUE,TRUE,""
1202,TRUE,TRUE,TRUE,""
1203,TRUE,TRUE,TRUE,""
1204,TRUE,TRUE,TRUE,""
1205,TRUE,TRUE,TRUE,""
1206,TRUE,TRUE,TRUE,""
1207,TRUE,TRUE,TRUE,""
1208,TRUE,TRUE,TRUE,""
1209,TRUE,TRUE,TRUE,""
1210,TRUE,TRUE,TRUE,""
1211,TRUE,TRUE,TRUE,""
1212,TRUE,TRUE,TRUE,""
1213,TRUE,TRUE,TRUE,""
1214,TRUE,TRUE,TRUE,""
1215,TRUE,TRUE,TRUE,""
1216,TRUE,TRUE,TRUE,""
1217,TRUE,TRUE,TRUE,""
1218,TRUE,TRUE,TRUE,""
1219,TRUE,TRUE,TRUE,""
1220,TRUE,TRUE,TRUE,""
1221,TRUE,TRUE,TRUE,""
1222,TRUE,TRUE,TRUE,""
1223,TRUE,TRUE,TRUE,""
1224,TRUE,TRUE,TRUE,""
1225,TRUE,TRUE,TRUE,""
1226,TRUE,TRUE,TRUE,""
1227,TRUE,TRUE,TRUE,""
1228,TRUE,TRUE,TRUE,""
1229,TRUE,TRUE,TRUE,""
1230,TRUE,TRUE,TRUE,""
1231,TRUE,TRUE,TRUE,""
1232,TRUE,TRUE,TRUE,""
1233,TRUE,TRUE,TRUE,""
1234,TRUE,TRUE,TRUE,""
1235,TRUE,TRUE,TRUE,""
1236,TRUE,TRUE,TRUE,""
1237,TRUE,TRUE,TRUE,""
1238,TRUE,TRUE,TRUE,""
1239,TRUE,TRUE,TRUE,""
1240,TRUE,TRUE,TRUE,""
1241,TRUE,TRUE,TRUE,""
1242,TRUE,TRUE,TRUE,""
1243,TRUE,TRUE,TRUE,""
1244,TRUE,TRUE,TRUE,""
1245,TRUE,TRUE,TRUE,""
1246,TRUE,TRUE,TRUE,""
1247,TRUE,TRUE,TRUE,""
1248,TRUE,TRUE,TRUE,""
1249,TRUE,TRUE,TRUE,""
1250,TRUE,TRUE,TRUE,""
1251,TRUE,TRUE,TRUE,""
1252,TRUE,TRUE,TRUE,""
1253,TRUE,TRUE,TRUE,""
1254,TRUE,TRUE,TRUE,""
1255,TRUE,TRUE,TRUE,""
1256,TRUE,TRUE,TRUE,""
1257,TRUE,TRUE,TRUE,""
1258,TRUE,TRUE,TRUE,""
1259,TRUE,TRUE,TRUE,""
1260,TRUE,TRUE,TRUE,""
1261,TRUE,TRUE,TRUE,""
1262,TRUE,TRUE,TRUE,""
1263,TRUE,TRUE,TRUE,""
1264,TRUE,TRUE,TRUE,""
1265,TRUE,TRUE,TRUE,""
1266,TRUE,TRUE,TRUE,""
1267,TRUE,TRUE,TRUE,""
1268,TRUE,TRUE,TRUE,""
1269,TRUE,TRUE,TRUE,""
1270,TRUE,TRUE,TRUE,""
1271,TRUE,TRUE,TRUE,""
1272,TRUE,TRUE,TRUE,""
1273,TRUE,TRUE,TRUE,""
1274,TRUE,TRUE,TRUE,""
1275,TRUE,TRUE,TRUE,""
1276,TRUE,TRUE,TRUE,""
1277,TRUE,TRUE,TRUE,""
1278,TRUE,TRUE,TRUE,""
1279,TRUE,TRUE,TRUE,""
1280,TRUE,TRUE,TRUE,""
1281,TRUE,TRUE,TRUE,""
1282,TRUE,TRUE,TRUE,""
1283,TRUE,TRUE,TRUE,""
1284,TRUE,TRUE,TRUE,""
1285,TRUE,TRUE,TRUE,""
1286,TRUE,TRUE,TRUE,""
1287,TRUE,TRUE,TRUE,""
1288,TRUE,TRUE,TRUE,""
1289,TRUE,TRUE,TRUE,""
1290,TRUE,TRUE,TRUE,""
1291,TRUE,TRUE,TRUE,""
1292,TRUE,TRUE,TRUE,""
1293,TRUE,TRUE,TRUE,""
1294,TRUE,TRUE,TRUE,""
1295,TRUE,TRUE,TRUE,""
1296,TRUE,TRUE,TRUE,""
1297,TRUE,TRUE,TRUE,""
1298,TRUE,TRUE,TRUE,""
1299,TRUE,TRUE,TRUE,""
1300,TRUE,TRUE,TRUE,""
1301,TRUE,TRUE,TRUE,""
1302,TRUE,TRUE,TRUE,""
1303,TRUE,TRUE,TRUE,""
1304,TRUE,TRUE,TRUE,""
1305,TRUE,TRUE,TRUE,""
1306,TRUE,TRUE,TRUE,""
1307,TRUE,TRUE,TRUE,""
1308,TRUE,TRUE,TRUE,""
1309,TRUE,TRUE,TRUE,""
1310,TRUE,TRUE,TRUE,""
1311,TRUE,TRUE,TRUE,""
1312,TRUE,TRUE,TRUE,""
1313,TRUE,TRUE,TRUE,""
1314,TRUE,TRUE,TRUE,""
1315,TRUE,TRUE,TRUE,""
1316,TRUE,TRUE,TRUE,""
1317,TRUE,TRUE,TRUE,""
1318,TRUE,TRUE,TRUE,""
1319,TRUE,TRUE,TRUE,""
1320,TRUE,TRUE,TRUE,""
1321,TRUE,TRUE,TRUE,""
1322,TRUE,TRUE,TRUE,""
1323,TRUE,TRUE,TRUE,""
1324,TRUE,TRUE,TRUE,""
1325,TRUE,TRUE,TRUE,""
1326,TRUE,TRUE,TRUE,""
1327,TRUE,TRUE,TRUE,""
1328,TRUE,TRUE,TRUE,""
1329,TRUE,TRUE,TRUE,""
1330,TRUE,TRUE,TRUE,""
1331,TRUE,TRUE,TRUE,""
1332,TRUE,TRUE,TRUE,""
1333,TRUE,TRUE,TRUE,""
1334,TRUE,TRUE,TRUE,""
1335,TRUE,TRUE,TRUE,""
1336,TRUE,TRUE,TRUE,""
1337,TRUE,TRUE,TRUE,""
1338,TRUE,TRUE,TRUE,""
1339,TRUE,TRUE,TRUE,""
1340,TRUE,TRUE,TRUE,""
1341,TRUE,TRUE,TRUE,""
1342,TRUE,TRUE,TRUE,""
1343,TRUE,TRUE,TRUE,""
1344,TRUE,TRUE,TRUE,""
1345,TRUE,TRUE,TRUE,""
1346,TRUE,TRUE,TRUE,""
1347,TRUE,TRUE,TRUE,""
1348,TRUE,TRUE,TRUE,""
1349,TRUE,TRUE,TRUE,""
1350,TRUE,TRUE,TRUE,""
1351,TRUE,TRUE,TRUE,""
1352,TRUE,TRUE,TRUE,""
1353,TRUE,TRUE,TRUE,""
1354,TRUE,TRUE,TRUE,""
1355,TRUE,TRUE,TRUE,""
1356,TRUE,TRUE,TRUE,""
1357,TRUE,TRUE,TRUE,""
1358,TRUE,TRUE,TRUE,""
1359,TRUE,TRUE,TRUE,""
1360,TRUE,TRUE,TRUE,""
1361,TRUE,TRUE,TRUE,""
1362,TRUE,TRUE,TRUE,""
1363,TRUE,TRUE,TRUE,""
1364,TRUE,TRUE,TRUE,""
1365,TRUE,TRUE,TRUE,""
1366,TRUE,TRUE,TRUE,""
1367,TRUE,TRUE,TRUE,""
1368,TRUE,TRUE,TRUE,""
1369,TRUE,TRUE,TRUE,""
1370,TRUE,TRUE,TRUE,""
1371,TRUE,TRUE,TRUE,""
1372,TRUE,TRUE,TRUE,""
1373,TRUE,TRUE,TRUE,""
1374,TRUE,TRUE,TRUE,""
1375,TRUE,TRUE,TRUE,""
1376,TRUE,TRUE,TRUE,""
1377,TRUE,TRUE,TRUE,""
1378,TRUE,TRUE,TRUE,""
1379,TRUE,TRUE,TRUE,""
1380,TRUE,TRUE,TRUE,""
1381,TRUE,TRUE,TRUE,""
1382,TRUE,TRUE,TRUE,""
1383,TRUE,TRUE,TRUE,""
1384,TRUE,TRUE,TRUE,""
1385,TRUE,TRUE,TRUE,""
1386,TRUE,TRUE,TRUE,""
1387,TRUE,TRUE,TRUE,""
1388,TRUE,TRUE,TRUE,""
1389,TRUE,TRUE,TRUE,""
1390,TRUE,TRUE,TRUE,""
1391,TRUE,TRUE,TRUE,""
1392,TRUE,TRUE,TRUE,""
1393,TRUE,TRUE,TRUE,""
1394,TRUE,TRUE,TRUE,""
1395,TRUE,TRUE,TRUE,""
1396,TRUE,TRUE,TRUE,""
1397,TRUE,TRUE,TRUE,""
1398,TRUE,TRUE,TRUE,""
1399,TRUE,TRUE,TRUE,""
1400,TRUE,TRUE,TRUE,""
1401,TRUE,TRUE,TRUE,""
1402,TRUE,TRUE,TRUE,""
1403,TRUE,TRUE,TRUE,""
1404,TRUE,TRUE,TRUE,""
1405,TRUE,TRUE,TRUE,""
1406,TRUE,TRUE,TRUE,""
1407,TRUE,TRUE,TRUE,""
1408,TRUE,TRUE,TRUE,""
1409,TRUE,TRUE,TRUE,""
1410,TRUE,TRUE,TRUE,""
1411,TRUE,TRUE,TRUE,""
1412,TRUE,TRUE,TRUE,""
1413,TRUE,TRUE,TRUE,""
1414,TRUE,TRUE,TRUE,""
1415,TRUE,TRUE,TRUE,""
1416,TRUE,TRUE,TRUE,""
1417,TRUE,TRUE,TRUE,""
1418,TRUE,TRUE,TRUE,""
1419,TRUE,TRUE,TRUE,""
1420,TRUE,TRUE,TRUE,""
1421,TRUE,TRUE,TRUE,""
1422,TRUE,TRUE,TRUE,""
1423,TRUE,TRUE,TRUE,""
1424,TRUE,TRUE,TRUE,""
1425,TRUE,TRUE,TRUE,""
1426,TRUE,TRUE,TRUE,""
1427,TRUE,TRUE,TRUE,""
1428,TRUE,TRUE,TRUE,""
1429,TRUE,TRUE,TRUE,""
1430,TRUE,TRUE,TRUE,""
1431,TRUE,TRUE,TRUE,""
1432,TRUE,TRUE,TRUE,""
1433,TRUE,TRUE,TRUE,""
1434,TRUE,TRUE,TRUE,""
1435,TRUE,TRUE,TRUE,""
1436,TRUE,TRUE,TRUE,""
1437,TRUE,TRUE,TRUE,""
1438,TRUE,TRUE,TRUE,""
1439,TRUE,TRUE,TRUE,""
1440,TRUE,TRUE,TRUE,""
1441,TRUE,TRUE,TRUE,""
1442,TRUE,TRUE,TRUE,""
1443,TRUE,TRUE,TRUE,""
1444,TRUE,TRUE,TRUE,""
1445,TRUE,TRUE,TRUE,""
1446,TRUE,TRUE,TRUE,""
1447,TRUE,TRUE,TRUE,""
1448,TRUE,TRUE,TRUE,""
1449,TRUE,TRUE,TRUE,""
1450,TRUE,TRUE,TRUE,""
1451,TRUE,TRUE,TRUE,""
1452,TRUE,TRUE,TRUE,""
1453,TRUE,TRUE,TRUE,""
1454,TRUE,TRUE,TRUE,""
1455,TRUE,TRUE,TRUE,""
1456,TRUE,TRUE,TRUE,""
1457,TRUE,TRUE,TRUE,""
1458,TRUE,TRUE,TRUE,""
1459,TRUE,TRUE,TRUE,""
1460,TRUE,TRUE,TRUE,""
1461,TRUE,TRUE,TRUE,""
1462,TRUE,TRUE,TRUE,""
1463,TRUE,TRUE,TRUE,""
1464,TRUE,TRUE,TRUE,""
1465,TRUE,TRUE,TRUE,""
1466,TRUE,TRUE,TRUE,""
1467,TRUE,TRUE,TRUE,""
1468,TRUE,TRUE,TRUE,""
1469,TRUE,TRUE,TRUE,""
1470,TRUE,TRUE,TRUE,""
1471,TRUE,TRUE,TRUE,""
1472,TRUE,TRUE,TRUE,""
1473,TRUE,TRUE,TRUE,""
1474,TRUE,TRUE,TRUE,""
1475,TRUE,TRUE,TRUE,""
1476,TRUE,TRUE,TRUE,""
1477,TRUE,TRUE,TRUE,""
1478,TRUE,TRUE,TRUE,""
1479,TRUE,TRUE,TRUE,""
1480,TRUE,TRUE,TRUE,""
1481,TRUE,TRUE,TRUE,""
1482,TRUE,TRUE,TRUE,""
1483,TRUE,TRUE,TRUE,""
1484,TRUE,TRUE,TRUE,""
1485,TRUE,TRUE,TRUE,""
1486,TRUE,TRUE,TRUE,""
1487,TRUE,TRUE,TRUE,""
1488,TRUE,TRUE,TRUE,""
1489,TRUE,TRUE,TRUE,""
1490,TRUE,TRUE,TRUE,""
1491,TRUE,TRUE,TRUE,""
1492,TRUE,TRUE,TRUE,""
1493,TRUE,TRUE,TRUE,""
1494,TRUE,TRUE,TRUE,""
1495,TRUE,TRUE,TRUE,""
1496,TRUE,TRUE,TRUE,""
1497,TRUE,TRUE,TRUE,""
1498,TRUE,TRUE,TRUE,""
1499,TRUE,TRUE,TRUE,""
1500,TRUE,TRUE,TRUE,""
1501,TRUE,TRUE,TRUE,""
1502,TRUE,TRUE,TRUE,""
1503,TRUE,TRUE,TRUE,""
1504,TRUE,TRUE,TRUE,""
1505,TRUE,TRUE,TRUE,""
1506,TRUE,TRUE,TRUE,""
1507,TRUE,TRUE,TRUE,""
1508,TRUE,TRUE,TRUE,""
1509,TRUE,TRUE,TRUE,""
1510,TRUE,TRUE,TRUE,""
1511,TRUE,TRUE,TRUE,""
1512,TRUE,TRUE,TRUE,""
1513,TRUE,TRUE,TRUE,""
1514,TRUE,TRUE,TRUE,""
1515,TRUE,TRUE,TRUE,""
1516,TRUE,TRUE,TRUE,""
1517,TRUE,TRUE,TRUE,""
1518,TRUE,TRUE,TRUE,""
1519,TRUE,TRUE,TRUE,""
1520,TRUE,TRUE,TRUE,""
1521,TRUE,TRUE,TRUE,""
1522,TRUE,TRUE,TRUE,""
1523,TRUE,TRUE,TRUE,""
1524,TRUE,TRUE,TRUE,""
1525,TRUE,TRUE,TRUE,""
1526,TRUE,TRUE,TRUE,""
1527,TRUE,TRUE,TRUE,""
1528,TRUE,TRUE,TRUE,""
1529,TRUE,TRUE,TRUE,""
1530,TRUE,TRUE,TRUE,""
1531,TRUE,TRUE,TRUE,""
1532,TRUE,TRUE,TRUE,""
1533,TRUE,TRUE,TRUE,""
1534,TRUE,TRUE,TRUE,""
1535,TRUE,TRUE,TRUE,""
1536,TRUE,TRUE,TRUE,""
1537,TRUE,TRUE,TRUE,""
1538,TRUE,TRUE,TRUE,""
1539,TRUE,TRUE,TRUE,""
1540,TRUE,TRUE,TRUE,""
1541,TRUE,TRUE,TRUE,""
1542,TRUE,TRUE,TRUE,""
1543,TRUE,TRUE,TRUE,""
1544,TRUE,TRUE,TRUE,""
1545,TRUE,TRUE,TRUE,""
1546,TRUE,TRUE,TRUE,""
1547,TRUE,TRUE,TRUE,""
1548,TRUE,TRUE,TRUE,""
1549,TRUE,TRUE,TRUE,""
1550,TRUE,TRUE,TRUE,""
1551,TRUE,TRUE,TRUE,""
1552,TRUE,TRUE,TRUE,""
1553,TRUE,TRUE,TRUE,""
1554,TRUE,TRUE,TRUE,""
1555,TRUE,TRUE,TRUE,""
1556,TRUE,TRUE,TRUE,""
1557,TRUE,TRUE,TRUE,""
1558,TRUE,TRUE,TRUE,""
1559,TRUE,TRUE,TRUE,""
1560,TRUE,TRUE,TRUE,""
1561,TRUE,TRUE,TRUE,""
1562,TRUE,TRUE,TRUE,""
1563,TRUE,TRUE,TRUE,""
1564,TRUE,TRUE,TRUE,""
1565,TRUE,TRUE,TRUE,""
1566,TRUE,TRUE,TRUE,""
1567,TRUE,TRUE,TRUE,""
1568,TRUE,TRUE,TRUE,""
1569,TRUE,TRUE,TRUE,""
1570,TRUE,TRUE,TRUE,""
1571,TRUE,TRUE,TRUE,""
1572,TRUE,TRUE,TRUE,""
1573,TRUE,TRUE,TRUE,""
1574,TRUE,TRUE,TRUE,""
1575,TRUE,TRUE,TRUE,""
1576,TRUE,TRUE,TRUE,""
1577,TRUE,TRUE,TRUE,""
1578,TRUE,TRUE,TRUE,""
1579,TRUE,TRUE,TRUE,""
1580,TRUE,TRUE,TRUE,""
1581,TRUE,TRUE,TRUE,""
1582,TRUE,TRUE,TRUE,""
1583,TRUE,TRUE,TRUE,""
1584,TRUE,TRUE,TRUE,""
1585,TRUE,TRUE,TRUE,""
1586,TRUE,TRUE,TRUE,""
1587,TRUE,TRUE,TRUE,""
1588,TRUE,TRUE,TRUE,""
1589,TRUE,TRUE,TRUE,""
1590,TRUE,TRUE,TRUE,""
1591,TRUE,TRUE,TRUE,""
1592,TRUE,TRUE,TRUE,""
1593,TRUE,TRUE,TRUE,""
1594,TRUE,TRUE,TRUE,""
1595,TRUE,TRUE,TRUE,""
1596,TRUE,TRUE,TRUE,""
1597,TRUE,TRUE,TRUE,""
1598,TRUE,TRUE,TRUE,""
1599,TRUE,TRUE,TRUE,""
1600,TRUE,TRUE,TRUE,""
1601,TRUE,TRUE,TRUE,""
1602,TRUE,TRUE,TRUE,""
1603,TRUE,TRUE,TRUE,""
1604,TRUE,TRUE,TRUE,""
1605,TRUE,TRUE,TRUE,""
1606,TRUE,TRUE,TRUE,""
1607,TRUE,TRUE,TRUE,""
1608,TRUE,TRUE,TRUE,""
1609,TRUE,TRUE,TRUE,""
1610,TRUE,TRUE,TRUE,""
1611,TRUE,TRUE,TRUE,""
1612,TRUE,TRUE,TRUE,""
1613,TRUE,TRUE,TRUE,""
1614,TRUE,TRUE,TRUE,""
1615,TRUE,TRUE,TRUE,""
1616,TRUE,TRUE,TRUE,""
1617,TRUE,TRUE,TRUE,""
1618,TRUE,TRUE,TRUE,""
1619,TRUE,TRUE,TRUE,""
1620,TRUE,TRUE,TRUE,""
1621,TRUE,TRUE,TRUE,""
1622,TRUE,TRUE,TRUE,""
1623,TRUE,TRUE,TRUE,""
1624,TRUE,TRUE,TRUE,""
1625,TRUE,TRUE,TRUE,""
1626,TRUE,TRUE,TRUE,""
1627,TRUE,TRUE,TRUE,""
1628,TRUE,TRUE,TRUE,""
1629,TRUE,TRUE,TRUE,""
1630,TRUE,TRUE,TRUE,""
1631,TRUE,TRUE,TRUE,""
1632,TRUE,TRUE,TRUE,""
1633,TRUE,TRUE,TRUE,""
1634,TRUE,TRUE,TRUE,""
1635,TRUE,TRUE,TRUE,""
1636,TRUE,TRUE,TRUE,""
1637,TRUE,TRUE,TRUE,""
1638,TRUE,TRUE,TRUE,""
1639,TRUE,TRUE,TRUE,""
1640,TRUE,TRUE,TRUE,""
1641,TRUE,TRUE,TRUE,""
1642,TRUE,TRUE,TRUE,""
1643,TRUE,TRUE,TRUE,""
1644,TRUE,TRUE,TRUE,""
1645,TRUE,TRUE,TRUE,""
1646,TRUE,TRUE,TRUE,""
1647,TRUE,TRUE,TRUE,""
1648,TRUE,TRUE,TRUE,""
1649,TRUE,TRUE,TRUE,""
1650,TRUE,TRUE,TRUE,""
1651,TRUE,TRUE,TRUE,""
1652,TRUE,TRUE,TRUE,""
1653,TRUE,TRUE,TRUE,""
1654,TRUE,TRUE,TRUE,""
1655,TRUE,TRUE,TRUE,""
1656,TRUE,TRUE,TRUE,""
1657,TRUE,TRUE,TRUE,""
1658,TRUE,TRUE,TRUE,""
1659,TRUE,TRUE,TRUE,""
1660,TRUE,TRUE,TRUE,""
1661,TRUE,TRUE,TRUE,""
1662,TRUE,TRUE,TRUE,""
1663,TRUE,TRUE,TRUE,""
1664,TRUE,TRUE,TRUE,""
1665,TRUE,TRUE,TRUE,""
1666,TRUE,TRUE,TRUE,""
1667,TRUE,TRUE,TRUE,""
1668,TRUE,TRUE,TRUE,""
1669,TRUE,TRUE,TRUE,""
1670,TRUE,TRUE,TRUE,""
1671,TRUE,TRUE,TRUE,""
1672,TRUE,TRUE,TRUE,""
1673,TRUE,TRUE,TRUE,""
1674,TRUE,TRUE,TRUE,""
1675,TRUE,TRUE,TRUE,""
1676,TRUE,TRUE,TRUE,""
1677,TRUE,TRUE,TRUE,""
1678,TRUE,TRUE,TRUE,""
1679,TRUE,TRUE,TRUE,""
1680,TRUE,TRUE,TRUE,""
1681,TRUE,TRUE,TRUE,""
1682,TRUE,TRUE,TRUE,""
1683,TRUE,TRUE,TRUE,""
1684,TRUE,TRUE,TRUE,""
1685,TRUE,TRUE,TRUE,""
1686,TRUE,TRUE,TRUE,""
1687,TRUE,TRUE,TRUE,""
1688,TRUE,TRUE,TRUE,""
1689,TRUE,TRUE,TRUE,""
1690,TRUE,TRUE,TRUE,""
1691,TRUE,TRUE,TRUE,""
1692,TRUE,TRUE,TRUE,""
1693,TRUE,TRUE,TRUE,""
1694,TRUE,TRUE,TRUE,""
1695,TRUE,TRUE,TRUE,""
1696,TRUE,TRUE,TRUE,""
1697,TRUE,TRUE,TRUE,""
1698,TRUE,TRUE,TRUE,""
1699,TRUE,TRUE,TRUE,""
1700,TRUE,TRUE,TRUE,""
1701,TRUE,TRUE,TRUE,""
1702,TRUE,TRUE,TRUE,""
1703,TRUE,TRUE,TRUE,""
1704,TRUE,TRUE,TRUE,""
1705,TRUE,TRUE,TRUE,""
1706,TRUE,TRUE,TRUE,""
1707,TRUE,TRUE,TRUE,""
1708,TRUE,TRUE,TRUE,""
1709,TRUE,TRUE,TRUE,""
1710,TRUE,TRUE,TRUE,""
1711,TRUE,TRUE,TRUE,""
1712,TRUE,TRUE,TRUE,""
1713,TRUE,TRUE,TRUE,""
1714,TRUE,TRUE,TRUE,""
1715,TRUE,TRUE,TRUE,""
1716,TRUE,TRUE,TRUE,""
1717,TRUE,TRUE,TRUE,""
1718,TRUE,TRUE,TRUE,""
1719,TRUE,TRUE,TRUE,""
1720,TRUE,TRUE,TRUE,""
1721,TRUE,TRUE,TRUE,""
1722,TRUE,TRUE,TRUE,""
1723,TRUE,TRUE,TRUE,""
1724,TRUE,TRUE,TRUE,""
1725,TRUE,TRUE,TRUE,""
1726,TRUE,TRUE,TRUE,""
1727,TRUE,TRUE,TRUE,""
1728,TRUE,TRUE,TRUE,""
1729,TRUE,TRUE,TRUE,""
1730,TRUE,TRUE,TRUE,""
1731,TRUE,TRUE,TRUE,""
1732,TRUE,TRUE,TRUE,""
1733,TRUE,TRUE,TRUE,""
1734,TRUE,TRUE,TRUE,""
1735,TRUE,TRUE,TRUE,""
1736,TRUE,TRUE,TRUE,""
1737,TRUE,TRUE,TRUE,""
1738,TRUE,TRUE,TRUE,""
1739,TRUE,TRUE,TRUE,""
1740,TRUE,TRUE,TRUE,""
1741,TRUE,TRUE,TRUE,""
1742,TRUE,TRUE,TRUE,""
1743,TRUE,TRUE,TRUE,""
1744,TRUE,TRUE,TRUE,""
1745,TRUE,TRUE,TRUE,""
1746,TRUE,TRUE,TRUE,""
1747,TRUE,TRUE,TRUE,""
1748,TRUE,TRUE,TRUE,""
1749,TRUE,TRUE,TRUE,""
1750,TRUE,TRUE,TRUE,""
1751,TRUE,TRUE,TRUE,""
1752,TRUE,TRUE,TRUE,""
1753,TRUE,TRUE,TRUE,""
1754,TRUE,TRUE,TRUE,""
1755,TRUE,TRUE,TRUE,""
1756,TRUE,TRUE,TRUE,""
1757,TRUE,TRUE,TRUE,""
1758,TRUE,TRUE,TRUE,""
1759,TRUE,TRUE,TRUE,""
1760,TRUE,TRUE,TRUE,""
1761,TRUE,TRUE,TRUE,""
1762,TRUE,TRUE,TRUE,""
1763,TRUE,TRUE,TRUE,""
1764,TRUE,TRUE,TRUE,""
1765,TRUE,TRUE,TRUE,""
1766,TRUE,TRUE,TRUE,""
1767,TRUE,TRUE,TRUE,""
1768,TRUE,TRUE,TRUE,""
1769,TRUE,TRUE,TRUE,""
1770,TRUE,TRUE,TRUE,""
1771,TRUE,TRUE,TRUE,""
1772,TRUE,TRUE,TRUE,""
1773,TRUE,TRUE,TRUE,""
1774,TRUE,TRUE,TRUE,""
1775,TRUE,TRUE,TRUE,""
1776,TRUE,TRUE,TRUE,""
1777,TRUE,TRUE,TRUE,""
1778,TRUE,TRUE,TRUE,""
1779,TRUE,TRUE,TRUE,""
1780,TRUE,TRUE,TRUE,""
1781,TRUE,TRUE,TRUE,""
1782,TRUE,TRUE,TRUE,""
1783,TRUE,TRUE,TRUE,""
1784,TRUE,TRUE,TRUE,""
1785,TRUE,TRUE,TRUE,""
1786,TRUE,TRUE,TRUE,""
1787,TRUE,TRUE,TRUE,""
1788,TRUE,TRUE,TRUE,""
1789,TRUE,TRUE,TRUE,""
1790,TRUE,TRUE,TRUE,""
1791,TRUE,TRUE,TRUE,""
1792,TRUE,TRUE,TRUE,""
1793,TRUE,TRUE,TRUE,""
1794,TRUE,TRUE,TRUE,""
1795,TRUE,TRUE,TRUE,""
1796,TRUE,TRUE,TRUE,""
1797,TRUE,TRUE,TRUE,""
1798,TRUE,TRUE,TRUE,""
1799,TRUE,TRUE,TRUE,""
1800,TRUE,TRUE,TRUE,""
1801,TRUE,TRUE,TRUE,""
1802,TRUE,TRUE,TRUE,""
1803,TRUE,TRUE,TRUE,""
1804,TRUE,TRUE,TRUE,""
1805,TRUE,TRUE,TRUE,""
1806,TRUE,TRUE,TRUE,""
1807,TRUE,TRUE,TRUE,""
1808,TRUE,TRUE,TRUE,""
1809,TRUE,TRUE,TRUE,""
1810,TRUE,TRUE,TRUE,""
1811,TRUE,TRUE,TRUE,""
1812,TRUE,TRUE,TRUE,""
1813,TRUE,TRUE,TRUE,""
1814,TRUE,TRUE,TRUE,""
1815,TRUE,TRUE,TRUE,""
1816,TRUE,TRUE,TRUE,""
1817,TRUE,TRUE,TRUE,""
1818,TRUE,TRUE,TRUE,""
1819,TRUE,TRUE,TRUE,""
1820,TRUE,TRUE,TRUE,""
1821,TRUE,TRUE,TRUE,""
1822,TRUE,TRUE,TRUE,""
1823,TRUE,TRUE,TRUE,""
1824,TRUE,TRUE,TRUE,""
1825,TRUE,TRUE,TRUE,""
1826,TRUE,TRUE,TRUE,""
1827,TRUE,TRUE,TRUE,""
1828,TRUE,TRUE,TRUE,""
1829,TRUE,TRUE,TRUE,""
1830,TRUE,TRUE,TRUE,""
1831,TRUE,TRUE,TRUE,""
1832,TRUE,TRUE,TRUE,""
1833,TRUE,TRUE,TRUE,""
1834,TRUE,TRUE,TRUE,""
1835,TRUE,TRUE,TRUE,""
1836,TRUE,TRUE,TRUE,""
1837,TRUE,TRUE,TRUE,""
1838,TRUE,TRUE,TRUE,""
1839,TRUE,TRUE,TRUE,""
1840,TRUE,TRUE,TRUE,""
1841,TRUE,TRUE,TRUE,""
1842,TRUE,TRUE,TRUE,""
1843,TRUE,TRUE,TRUE,""
1844,TRUE,TRUE,TRUE,""
1845,TRUE,TRUE,TRUE,""
1846,TRUE,TRUE,TRUE,""
1847,TRUE,TRUE,TRUE,""
1848,TRUE,TRUE,TRUE,""
1849,TRUE,TRUE,TRUE,""
1850,TRUE,TRUE,TRUE,""
1851,TRUE,TRUE,TRUE,""
1852,TRUE,TRUE,TRUE,""
1853,TRUE,TRUE,TRUE,""
1854,TRUE,TRUE,TRUE,""
1855,TRUE,TRUE,TRUE,""
1856,TRUE,TRUE,TRUE,""
1857,TRUE,TRUE,TRUE,""
1858,TRUE,TRUE,TRUE,""
1859,TRUE,TRUE,TRUE,""
1860,TRUE,TRUE,TRUE,""
1861,TRUE,TRUE,TRUE,""
1862,TRUE,TRUE,TRUE,""
1863,TRUE,TRUE,TRUE,""
1864,TRUE,TRUE,TRUE,""
1865,TRUE,TRUE,TRUE,""
1866,TRUE,TRUE,TRUE,""
1867,TRUE,TRUE,TRUE,""
1868,TRUE,TRUE,TRUE,""
1869,TRUE,TRUE,TRUE,""
1870,TRUE,TRUE,TRUE,""
1871,TRUE,TRUE,TRUE,""
1872,TRUE,TRUE,TRUE,""
1873,TRUE,TRUE,TRUE,""
1874,TRUE,TRUE,TRUE,""
1875,TRUE,TRUE,TRUE,""
1876,TRUE,TRUE,TRUE,""
1877,TRUE,TRUE,TRUE,""
1878,TRUE,TRUE,TRUE,""
1879,TRUE,TRUE,TRUE,""
1880,TRUE,TRUE,TRUE,""
1881,TRUE,TRUE,TRUE,""
1882,TRUE,TRUE,TRUE,""
1883,TRUE,TRUE,TRUE,""
1884,TRUE,TRUE,TRUE,""
1885,TRUE,TRUE,TRUE,""
1886,TRUE,TRUE,TRUE,""
1887,TRUE,TRUE,TRUE,""
1888,TRUE,TRUE,TRUE,""
1889,TRUE,TRUE,TRUE,""
1890,TRUE,TRUE,TRUE,""
1891,TRUE,TRUE,TRUE,""
1892,TRUE,TRUE,TRUE,""
1893,TRUE,TRUE,TRUE,""
1894,TRUE,TRUE,TRUE,""
1895,TRUE,TRUE,TRUE,""
1896,TRUE,TRUE,TRUE,""
1897,TRUE,TRUE,TRUE,""
1898,TRUE,TRUE,TRUE,""
1899,TRUE,TRUE,TRUE,""
1900,TRUE,TRUE,TRUE,""
1901,TRUE,TRUE,TRUE,""
1902,TRUE,TRUE,TRUE,""
1903,TRUE,TRUE,TRUE,""
1904,TRUE,TRUE,TRUE,""
1905,TRUE,TRUE,TRUE,""
1906,TRUE,TRUE,TRUE,""
1907,TRUE,TRUE,TRUE,""
1908,TRUE,TRUE,TRUE,""
1909,TRUE,TRUE,TRUE,""
1910,TRUE,TRUE,TRUE,""
1911,TRUE,TRUE,TRUE,""
1912,TRUE,TRUE,TRUE,""
1913,TRUE,TRUE,TRUE,""
1914,TRUE,TRUE,TRUE,""
1915,TRUE,TRUE,TRUE,""
1916,TRUE,TRUE,TRUE,""
1917,TRUE,TRUE,TRUE,""
1918,TRUE,TRUE,TRUE,""
1919,TRUE,TRUE,TRUE,""
1920,TRUE,TRUE,TRUE,""
1921,TRUE,TRUE,TRUE,""
1922,TRUE,TRUE,TRUE,""
1923,TRUE,TRUE,TRUE,""
1924,TRUE,TRUE,TRUE,""
1925,TRUE,TRUE,TRUE,""
1926,TRUE,TRUE,TRUE,""
1927,TRUE,TRUE,TRUE,""
1928,TRUE,TRUE,TRUE,""
1929,TRUE,TRUE,TRUE,""
1930,TRUE,TRUE,TRUE,""
1931,TRUE,TRUE,TRUE,""
1932,TRUE,TRUE,TRUE,""
1933,TRUE,TRUE,TRUE,""
1934,TRUE,TRUE,TRUE,""
1935,TRUE,TRUE,TRUE,""
1936,TRUE,TRUE,TRUE,""
1937,TRUE,TRUE,TRUE,""
1938,TRUE,TRUE,TRUE,""
1939,TRUE,TRUE,TRUE,""
1940,TRUE,TRUE,TRUE,""
1941,TRUE,TRUE,TRUE,""
1942,TRUE,TRUE,TRUE,""
1943,TRUE,TRUE,TRUE,""
1944,TRUE,TRUE,TRUE,""
1945,TRUE,TRUE,TRUE,""
1946,TRUE,TRUE,TRUE,""
1947,TRUE,TRUE,TRUE,""
1948,TRUE,TRUE,TRUE,""
1949,TRUE,TRUE,TRUE,""
1950,TRUE,TRUE,TRUE,""
1951,TRUE,TRUE,TRUE,""
1952,TRUE,TRUE,TRUE,""
1953,TRUE,TRUE,TRUE,""
1954,TRUE,TRUE,TRUE,""
1955,TRUE,TRUE,TRUE,""
1956,TRUE,TRUE,TRUE,""
1957,TRUE,TRUE,TRUE,""
1958,TRUE,TRUE,TRUE,""
1959,TRUE,TRUE,TRUE,""
1960,TRUE,TRUE,TRUE,""
1961,TRUE,TRUE,TRUE,""
1962,TRUE,TRUE,TRUE,""
1963,TRUE,TRUE,TRUE,""
1964,TRUE,TRUE,TRUE,""
1965,TRUE,TRUE,TRUE,""
1966,TRUE,TRUE,TRUE,""
1967,TRUE,TRUE,TRUE,""
1968,TRUE,TRUE,TRUE,""
1969,TRUE,TRUE,TRUE,""
1970,TRUE,TRUE,TRUE,""
1971,TRUE,TRUE,TRUE,""
1972,TRUE,TRUE,TRUE,""
1973,TRUE,TRUE,TRUE,""
1974,TRUE,TRUE,TRUE,""
1975,TRUE,TRUE,TRUE,""
1976,TRUE,TRUE,TRUE,""
1977,TRUE,TRUE,TRUE,""
1978,TRUE,TRUE,TRUE,""
1979,TRUE,TRUE,TRUE,""
1980,TRUE,TRUE,TRUE,""
1981,TRUE,TRUE,TRUE,""
1982,TRUE,TRUE,TRUE,""
1983,TRUE,TRUE,TRUE,""
1984,TRUE,TRUE,TRUE,""
1985,TRUE,TRUE,TRUE,""
1986,TRUE,TRUE,TRUE,""
1987,TRUE,TRUE,TRUE,""
1988,TRUE,TRUE,TRUE,""
1989,TRUE,TRUE,TRUE,""
1990,TRUE,TRUE,TRUE,""
1991,TRUE,TRUE,TRUE,""
1992,TRUE,TRUE,TRUE,""
1993,TRUE,TRUE,TRUE,""
1994,TRUE,TRUE,TRUE,""
1995,TRUE,TRUE,TRUE,""
1996,TRUE,TRUE,TRUE,""
1997,TRUE,TRUE,TRUE,""
1998,TRUE,TRUE,TRUE,""
1999,TRUE,TRUE,TRUE,""
2000,TRUE,TRUE,TRUE,""
2001,TRUE,TRUE,TRUE,""
2002,TRUE,TRUE,TRUE,""
2003,TRUE,TRUE,TRUE,""
2004,TRUE,TRUE,TRUE,""
2005,TRUE,TRUE,TRUE,""
2006,TRUE,TRUE,TRUE,""
2007,TRUE,TRUE,TRUE,""
2008,TRUE,TRUE,TRUE,""
2009,TRUE,TRUE,TRUE,""
2010,TRUE,TRUE,TRUE,""
2011,TRUE,TRUE,TRUE,""
2012,TRUE,TRUE,TRUE,""
2013,TRUE,TRUE,TRUE,""
2014,TRUE,TRUE,TRUE,""
2015,TRUE,TRUE,TRUE,""
2016,TRUE,TRUE,TRUE,""
2017,TRUE,TRUE,TRUE,""
2018,TRUE,TRUE,TRUE,""
2019,TRUE,TRUE,TRUE,""
2020,TRUE,TRUE,TRUE,""
2021,TRUE,TRUE,TRUE,""
2022,TRUE,TRUE,TRUE,""
2023,TRUE,TRUE,TRUE,""
2024,TRUE,TRUE,TRUE,""
2025,TRUE,TRUE,TRUE,""
2026,TRUE,TRUE,TRUE,""
2027,TRUE,TRUE,TRUE,""
2028,TRUE,TRUE,TRUE,""
2029,TRUE,TRUE,TRUE,""
2030,TRUE,TRUE,TRUE,""
2031,TRUE,TRUE,TRUE,""
2032,TRUE,TRUE,TRUE,""
2033,TRUE,TRUE,TRUE,""
2034,TRUE,TRUE,TRUE,""
2035,TRUE,TRUE,TRUE,""
2036,TRUE,TRUE,TRUE,""
2037,TRUE,TRUE,TRUE,""
2038,TRUE,TRUE,TRUE,""
2039,TRUE,TRUE,TRUE,""
2040,TRUE,TRUE,TRUE,""
2041,TRUE,TRUE,TRUE,""
2042,TRUE,TRUE,TRUE,""
2043,TRUE,TRUE,TRUE,""
2044,TRUE,TRUE,TRUE,""
2045,TRUE,TRUE,TRUE,""
2046,TRUE,TRUE,TRUE,""
2047,TRUE,TRUE,TRUE,""
2048,TRUE,TRUE,TRUE,""
2049,TRUE,TRUE,TRUE,""
2050,TRUE,TRUE,TRUE,""
2051,TRUE,TRUE,TRUE,""
2052,TRUE,TRUE,TRUE,""
2053,TRUE,TRUE,TRUE,""
2054,TRUE,TRUE,TRUE,""
2055,TRUE,TRUE,TRUE,""
2056,TRUE,TRUE,TRUE,""
2057,TRUE,TRUE,TRUE,""
2058,TRUE,TRUE,TRUE,""
2059,TRUE,TRUE,TRUE,""
2060,TRUE,TRUE,TRUE,""
2061,TRUE,TRUE,TRUE,""
2062,TRUE,TRUE,TRUE,""
2063,TRUE,TRUE,TRUE,""
2064,TRUE,TRUE,TRUE,""
2065,TRUE,TRUE,TRUE,""
2066,TRUE,TRUE,TRUE,""
2067,TRUE,TRUE,TRUE,""
2068,TRUE,TRUE,TRUE,""
2069,TRUE,TRUE,TRUE,""
2070,TRUE,TRUE,TRUE,""
2071,TRUE,TRUE,TRUE,""
2072,TRUE,TRUE,TRUE,""
2073,TRUE,TRUE,TRUE,""
2074,TRUE,TRUE,TRUE,""
2075,TRUE,TRUE,TRUE,""
2076,TRUE,TRUE,TRUE,""
2077,TRUE,TRUE,TRUE,""
2078,TRUE,TRUE,TRUE,""
2079,TRUE,TRUE,TRUE,""
2080,TRUE,TRUE,TRUE,""
2081,TRUE,TRUE,TRUE,""
2082,TRUE,TRUE,TRUE,""
2083,TRUE,TRUE,TRUE,""
2084,TRUE,TRUE,TRUE,""
2085,TRUE,TRUE,TRUE,""
2086,TRUE,TRUE,TRUE,""
2087,TRUE,TRUE,TRUE,""
2088,TRUE,TRUE,TRUE,""
2089,TRUE,TRUE,TRUE,""
2090,TRUE,TRUE,TRUE,""
2091,TRUE,TRUE,TRUE,""
2092,TRUE,TRUE,TRUE,""
2093,TRUE,TRUE,TRUE,""
2094,TRUE,TRUE,TRUE,""
2095,TRUE,TRUE,TRUE,""
2096,TRUE,TRUE,TRUE,""
2097,TRUE,TRUE,TRUE,""
2098,TRUE,TRUE,TRUE,""
2099,TRUE,TRUE,TRUE,""
2100,TRUE,TRUE,TRUE,""
2101,TRUE,TRUE,TRUE,""
2102,TRUE,TRUE,TRUE,""
2103,TRUE,TRUE,TRUE,""
2104,TRUE,TRUE,TRUE,""
2105,TRUE,TRUE,TRUE,""
2106,TRUE,TRUE,TRUE,""
2107,TRUE,TRUE,TRUE,""
2108,TRUE,TRUE,TRUE,""
2109,TRUE,TRUE,TRUE,""
2110,TRUE,TRUE,TRUE,""
2111,TRUE,TRUE,TRUE,""
2112,TRUE,TRUE,TRUE,""
2113,TRUE,TRUE,TRUE,""
2114,TRUE,TRUE,TRUE,""
2115,TRUE,TRUE,TRUE,""
2116,TRUE,TRUE,TRUE,""
2117,TRUE,TRUE,TRUE,""
2118,TRUE,TRUE,TRUE,""
2119,TRUE,TRUE,TRUE,""
2120,TRUE,TRUE,TRUE,""
2121,TRUE,TRUE,TRUE,""
2122,TRUE,TRUE,TRUE,""
2123,TRUE,TRUE,TRUE,""
2124,TRUE,TRUE,TRUE,""
2125,TRUE,TRUE,TRUE,""
2126,TRUE,TRUE,TRUE,""
2127,TRUE,TRUE,TRUE,""
2128,TRUE,TRUE,TRUE,""
2129,TRUE,TRUE,TRUE,""
2130,TRUE,TRUE,TRUE,""
2131,TRUE,TRUE,TRUE,""
2132,TRUE,TRUE,TRUE,""
2133,TRUE,TRUE,TRUE,""
2134,TRUE,TRUE,TRUE,""
2135,TRUE,TRUE,TRUE,""
2136,TRUE,TRUE,TRUE,""
2137,TRUE,TRUE,TRUE,""
2138,TRUE,TRUE,TRUE,""
2139,TRUE,TRUE,TRUE,""
2140,TRUE,TRUE,TRUE,""
2141,TRUE,TRUE,TRUE,""
2142,TRUE,TRUE,TRUE,""
2143,TRUE,TRUE,TRUE,""
2144,TRUE,TRUE,TRUE,""
2145,TRUE,TRUE,TRUE,""
2146,TRUE,TRUE,TRUE,""
2147,TRUE,TRUE,TRUE,""
2148,TRUE,TRUE,TRUE,""
2149,TRUE,TRUE,TRUE,""
2150,TRUE,TRUE,TRUE,""
2151,TRUE,TRUE,TRUE,""
2152,TRUE,TRUE,TRUE,""
2153,TRUE,TRUE,TRUE,""
2154,TRUE,TRUE,TRUE,""
2155,TRUE,TRUE,TRUE,""
2156,TRUE,TRUE,TRUE,""
2157,TRUE,TRUE,TRUE,""
2158,TRUE,TRUE,TRUE,""
2159,TRUE,TRUE,TRUE,""
2160,TRUE,TRUE,TRUE,""
2161,TRUE,TRUE,TRUE,""
2162,TRUE,TRUE,TRUE,""
2163,TRUE,TRUE,TRUE,""
2164,TRUE,TRUE,TRUE,""
2165,TRUE,TRUE,TRUE,""
2166,TRUE,TRUE,TRUE,""
2167,TRUE,TRUE,TRUE,""
2168,TRUE,TRUE,TRUE,""
2169,TRUE,TRUE,TRUE,""
2170,FALSE,FALSE,TRUE,"conflicting substituent positions"
2171,FALSE,FALSE,TRUE,"conflicting substituent positions"
2172,FALSE,FALSE,TRUE,"conflicting substituent positions"
2173,FALSE,FALSE,TRUE,"conflicting substituent positions"
2174,FALSE,FALSE,TRUE,"conflicting substituent positions"
2175,FALSE,FALSE,TRUE,"conflicting substituent positions"
2176,FALSE,FALSE,TRUE,"conflicting substituent positions"
2177,FALSE,FALSE,TRUE,"conflicting substituent positions"
2178,FALSE,FALSE,TRUE,"conflicting substituent positions"
2179,FALSE,FALSE,TRUE,"conflicting substituent positions"
2180,FALSE,FALSE,TRUE,"conflicting substituent positions"
2181,FALSE,FALSE,TRUE,"conflicting substituent positions"
2182,FALSE,FALSE,TRUE,"conflicting substituent positions"
2183,FALSE,FALSE,TRUE,"conflicting substituent positions"
2184,FALSE,FALSE,TRUE,"conflicting substituent positions"
2185,FALSE,FALSE,TRUE,"conflicting substituent positions"
2186,FALSE,FALSE,TRUE,"conflicting substituent positions"
2187,FALSE,FALSE,TRUE,"conflicting substituent positions"
2188,FALSE,FALSE,TRUE,"conflicting substituent positions"
2189,FALSE,FALSE,TRUE,"conflicting substituent positions"
2190,FALSE,FALSE,TRUE,"conflicting substituent positions"
2191,FALSE,FALSE,TRUE,"conflicting substituent positions"
2192,FALSE,FALSE,TRUE,"conflicting substituent positions"
2193,FALSE,FALSE,TRUE,"conflicting substituent positions"
2194,FALSE,FALSE,TRUE,"conflicting substituent positions"
2195,FALSE,FALSE,TRUE,"conflicting substituent positions"
2196,FALSE,FALSE,TRUE,"conflicting substituent positions"
2197,FALSE,FALSE,TRUE,"conflicting substituent positions"
2198,FALSE,FALSE,TRUE,"conflicting substituent positions"
2199,FALSE,FALSE,TRUE,"conflicting substituent positions"
2200,FALSE,FALSE,TRUE,"conflicting substituent positions"
2201,FALSE,FALSE,TRUE,"conflicting substituent positions"
2202,FALSE,FALSE,TRUE,"conflicting substituent positions"
2203,FALSE,FALSE,TRUE,"conflicting substituent positions"
2204,FALSE,FALSE,TRUE,"conflicting substituent positions"
2205,FALSE,FALSE,TRUE,"conflicting substituent positions"
2206,FALSE,FALSE,TRUE,"conflicting substituent positions"
2207,FALSE,FALSE,TRUE,"conflicting substituent positions"
2208,FALSE,FALSE,TRUE,"conflicting substituent positions"
2209,FALSE,FALSE,TRUE,"conflicting substituent positions"
2210,FALSE,FALSE,TRUE,"conflicting substituent positions"
2211,FALSE,FALSE,TRUE,"conflicting substituent positions"
2212,FALSE,FALSE,TRUE,"conflicting substituent positions"
2213,FALSE,FALSE,TRUE,"conflicting substituent positions"
2214,FALSE,FALSE,TRUE,"conflicting substituent positions"
2215,FALSE,FALSE,TRUE,"conflicting substituent positions"
2216,FALSE,FALSE,TRUE,"conflicting substituent positions"
2217,FALSE,FALSE,TRUE,"conflicting substituent positions"
2218,FALSE,FALSE,TRUE,"conflicting substituent positions"
2219,FALSE,FALSE,TRUE,"conflicting substituent positions"
2220,FALSE,FALSE,TRUE,"conflicting substituent positions"
2221,FALSE,FALSE,TRUE,"conflicting substituent positions"
2222,FALSE,FALSE,TRUE,"conflicting substituent positions"
2223,FALSE,FALSE,TRUE,"conflicting substituent positions"
2224,FALSE,FALSE,TRUE,"conflicting substituent positions"
2225,FALSE,FALSE,TRUE,"conflicting substituent positions"
2226,FALSE,FALSE,TRUE,"conflicting substituent positions"
2227,FALSE,FALSE,TRUE,"conflicting substituent positions"
2228,FALSE,FALSE,TRUE,"conflicting substituent positions"
2229,FALSE,FALSE,TRUE,"conflicting substituent positions"
2230,FALSE,FALSE,TRUE,"conflicting substituent positions"
2231,FALSE,FALSE,TRUE,"conflicting substituent positions"
2232,FALSE,FALSE,TRUE,"conflicting substituent positions"
2233,FALSE,FALSE,TRUE,"conflicting substituent positions"
2234,FALSE,FALSE,TRUE,"conflicting substituent positions"
2235,FALSE,FALSE,TRUE,"conflicting substituent positions"
2236,FALSE,FALSE,TRUE,"conflicting substituent positions"
2237,FALSE,FALSE,TRUE,"conflicting substituent positions"
2238,FALSE,FALSE,TRUE,"conflicting substituent positions"
2239,FALSE,FALSE,TRUE,"conflicting substituent positions"
2240,FALSE,FALSE,TRUE,"conflicting substituent positions"
2241,FALSE,FALSE,TRUE,"conflicting substituent positions"
2242,FALSE,FALSE,TRUE,"conflicting substituent positions"
2243,FALSE,FALSE,TRUE,"conflicting substituent positions"
2244,FALSE,FALSE,TRUE,"conflicting substituent positions"
2245,FALSE,FALSE,TRUE,"conflicting substituent positions"
2246,FALSE,FALSE,TRUE,"conflicting substituent positions"
2247,FALSE,FALSE,TRUE,"conflicting substituent positions"
2248,FALSE,FALSE,TRUE,"conflicting substituent positions"
2249,FALSE,FALSE,TRUE,"conflicting substituent positions"
2250,FALSE,FALSE,TRUE,"conflicting substituent positions"
2251,FALSE,FALSE,TRUE,"conflicting substituent positions"
2252,FALSE,FALSE,TRUE,"conflicting substituent positions"
2253,FALSE,FALSE,TRUE,"conflicting substituent positions"
2254,FALSE,FALSE,TRUE,"conflicting substituent positions"
2255,FALSE,FALSE,TRUE,"conflicting substituent positions"
2256,FALSE,FALSE,TRUE,"conflicting substituent positions"
2257,FALSE,FALSE,TRUE,"conflicting substituent positions"
2258,FALSE,FALSE,TRUE,"conflicting substituent positions"
2259,FALSE,FALSE,TRUE,"conflicting substituent positions"
2260,FALSE,FALSE,TRUE,"conflicting substituent positions"
2261,FALSE,FALSE,TRUE,"conflicting substituent positions"
2262,FALSE,FALSE,TRUE,"conflicting substituent positions"
2263,FALSE,FALSE,TRUE,"conflicting substituent positions"
2264,FALSE,FALSE,TRUE,"conflicting substituent positions"
2265,FALSE,FALSE,TRUE,"conflicting substituent positions"
2266,FALSE,FALSE,TRUE,"conflicting substituent positions"
2267,FALSE,FALSE,TRUE,"conflicting substituent positions"
2268,FALSE,FALSE,TRUE,"conflicting substituent positions"
2269,FALSE,FALSE,TRUE,"conflicting substituent positions"
2270,FALSE,FALSE,TRUE,"conflicting substituent positions"
2271,FALSE,FALSE,TRUE,"conflicting substituent positions"
2272,FALSE,FALSE,TRUE,"conflicting substituent positions"
2273,FALSE,FALSE,TRUE,"conflicting substituent positions"
2274,FALSE,FALSE,TRUE,"conflicting substituent positions"
2275,FALSE,FALSE,TRUE,"conflicting substituent positions"
2276,FALSE,FALSE,TRUE,"conflicting substituent positions"
2277,FALSE,FALSE,TRUE,"conflicting substituent positions"
2278,FALSE,FALSE,TRUE,"conflicting substituent positions"
2279,FALSE,FALSE,TRUE,"conflicting substituent positions"
2280,FALSE,FALSE,TRUE,"conflicting substituent positions"
2281,FALSE,FALSE,TRUE,"conflicting substituent positions"
2282,FALSE,FALSE,TRUE,"conflicting substituent positions"
2283,FALSE,FALSE,TRUE,"conflicting substituent positions"
2284,FALSE,FALSE,TRUE,"conflicting substituent positions"
2285,FALSE,FALSE,TRUE,"conflicting substituent positions"
2286,FALSE,FALSE,TRUE,"conflicting substituent positions"
2287,FALSE,FALSE,TRUE,"conflicting substituent positions"
2288,FALSE,FALSE,TRUE,"conflicting substituent positions"
2289,FALSE,FALSE,TRUE,"conflicting substituent positions"
2290,FALSE,FALSE,TRUE,"conflicting substituent positions"
2291,FALSE,FALSE,TRUE,"conflicting substituent positions"
2292,FALSE,FALSE,TRUE,"conflicting substituent positions"
2293,FALSE,FALSE,TRUE,"conflicting substituent positions"
2294,FALSE,FALSE,TRUE,"conflicting substituent positions"
2295,FALSE,FALSE,TRUE,"conflicting substituent positions"
2296,FALSE,FALSE,TRUE,"conflicting substituent positions"
2297,FALSE,FALSE,TRUE,"conflicting substituent positions"
2298,FALSE,FALSE,TRUE,"conflicting substituent positions"
2299,FALSE,FALSE,TRUE,"conflicting substituent positions"
2300,FALSE,FALSE,TRUE,"conflicting substituent positions"
2301,FALSE,FALSE,TRUE,"conflicting substituent positions"
2302,FALSE,FALSE,TRUE,"conflicting substituent positions"
2303,FALSE,FALSE,TRUE,"conflicting substituent positions"
2304,FALSE,FALSE,TRUE,"conflicting substituent positions"
2305,FALSE,FALSE,TRUE,"conflicting substituent positions"
2306,FALSE,FALSE,TRUE,"conflicting substituent positions"
2307,FALSE,FALSE,TRUE,"conflicting substituent positions"
2308,FALSE,FALSE,TRUE,"conflicting substituent positions"
2309,FALSE,FALSE,TRUE,"conflicting substituent positions"
2310,FALSE,FALSE,TRUE,"conflicting substituent positions"
2311,FALSE,FALSE,TRUE,"conflicting substituent positions"
2312,FALSE,FALSE,TRUE,"conflicting substituent positions"
2313,FALSE,FALSE,TRUE,"conflicting substituent positions"
2314,FALSE,FALSE,TRUE,"conflicting substituent positions"
2315,FALSE,FALSE,TRUE,"conflicting substituent positions"
2316,FALSE,FALSE,TRUE,"conflicting substituent positions"
2317,FALSE,FALSE,TRUE,"conflicting substituent positions"
2318,FALSE,FALSE,TRUE,"conflicting substituent positions"
2319,FALSE,FALSE,TRUE,"conflicting substituent positions"
2320,FALSE,FALSE,TRUE,"conflicting substituent positions"
2321,FALSE,FALSE,TRUE,"conflicting substituent positions"
2322,FALSE,FALSE,TRUE,"conflicting substituent positions"
2323,FALSE,FALSE,TRUE,"conflicting substituent positions"
2324,FALSE,FALSE,TRUE,"conflicting substituent positions"
2325,FALSE,FALSE,TRUE,"conflicting substituent positions"
2326,FALSE,FALSE,TRUE,"conflicting substituent positions"
2327,FALSE,FALSE,TRUE,"conflicting substituent positions"
2328,FALSE,FALSE,TRUE,"conflicting substituent positions"
2329,FALSE,FALSE,TRUE,"conflicting substituent positions"
2330,FALSE,FALSE,TRUE,"conflicting substituent positions"
2331,FALSE,FALSE,TRUE,"conflicting substituent positions"
2332,FALSE,FALSE,TRUE,"conflicting substituent positions"
2333,FALSE,FALSE,TRUE,"conflicting substituent positions"
2334,FALSE,FALSE,TRUE,"conflicting substituent positions"
2335,FALSE,FALSE,TRUE,"conflicting substituent positions"
2336,FALSE,FALSE,TRUE,"conflicting substituent positions"
2337,FALSE,FALSE,TRUE,"conflicting substituent positions"
2338,FALSE,FALSE,TRUE,"conflicting substituent positions"
2339,FALSE,FALSE,TRUE,"conflicting substituent positions"
2340,FALSE,FALSE,TRUE,"conflicting substituent positions"
2341,FALSE,FALSE,TRUE,"conflicting substituent positions"
2342,FALSE,FALSE,TRUE,"conflicting substituent positions"
2343,FALSE,FALSE,TRUE,"conflicting substituent positions"
2344,FALSE,FALSE,TRUE,"conflicting substituent positions"
2345,FALSE,FALSE,TRUE,"conflicting substituent positions"
2346,FALSE,FALSE,TRUE,"conflicting substituent positions"
2347,FALSE,FALSE,TRUE,"conflicting substituent positions"
2348,FALSE,FALSE,TRUE,"conflicting substituent positions"
2349,FALSE,FALSE,TRUE,"conflicting substituent positions"
2350,FALSE,FALSE,TRUE,"conflicting substituent positions"
2351,FALSE,FALSE,TRUE,"conflicting substituent positions"
2352,FALSE,FALSE,TRUE,"conflicting substituent positions"
2353,FALSE,FALSE,TRUE,"conflicting substituent positions"
2354,FALSE,FALSE,TRUE,"conflicting substituent positions"
2355,FALSE,FALSE,TRUE,"conflicting substituent positions"
2356,FALSE,FALSE,TRUE,"conflicting substituent positions"
2357,FALSE,FALSE,TRUE,"conflicting substituent positions"
2358,FALSE,FALSE,TRUE,"conflicting substituent positions"
2359,FALSE,FALSE,TRUE,"conflicting substituent positions"
2360,FALSE,FALSE,TRUE,"conflicting substituent positions"
2361,FALSE,FALSE,TRUE,"conflicting substituent positions"
2362,FALSE,FALSE,TRUE,"conflicting substituent positions"
2363,FALSE,FALSE,TRUE,"conflicting substituent positions"
2364,FALSE,FALSE,TRUE,"conflicting substituent positions"
2365,FALSE,FALSE,TRUE,"conflicting substituent positions"
2366,FALSE,FALSE,TRUE,"conflicting substituent positions"
2367,FALSE,FALSE,TRUE,"conflicting substituent positions"
2368,FALSE,FALSE,TRUE,"conflicting substituent positions"
2369,FALSE,FALSE,TRUE,"conflicting substituent positions"
2370,FALSE,FALSE,TRUE,"conflicting substituent positions"
2371,FALSE,FALSE,TRUE,"conflicting substituent positions"
2372,FALSE,FALSE,TRUE,"conflicting substituent positions"
2373,FALSE,FALSE,TRUE,"conflicting substituent positions"
2374,FALSE,FALSE,TRUE,"conflicting substituent positions"
2375,FALSE,FALSE,TRUE,"conflicting substituent positions"
2376,FALSE,FALSE,TRUE,"conflicting substituent positions"
2377,FALSE,FALSE,TRUE,"conflicting substituent positions"
2378,FALSE,FALSE,TRUE,"conflicting substituent positions"
2379,FALSE,FALSE,TRUE,"conflicting substituent positions"
2380,FALSE,FALSE,TRUE,"conflicting substituent positions"
2381,FALSE,FALSE,TRUE,"conflicting substituent positions"
2382,FALSE,FALSE,TRUE,"conflicting substituent positions"
2383,FALSE,FALSE,TRUE,"conflicting substituent positions"
2384,FALSE,FALSE,TRUE,"conflicting substituent positions"
2385,FALSE,FALSE,TRUE,"conflicting substituent positions"
2386,FALSE,FALSE,TRUE,"conflicting substituent positions"
2387,FALSE,FALSE,TRUE,"conflicting substituent positions"
2388,FALSE,FALSE,TRUE,"conflicting substituent positions"
2389,FALSE,FALSE,TRUE,"conflicting substituent positions"
2390,FALSE,FALSE,TRUE,"conflicting substituent positions"
2391,FALSE,FALSE,TRUE,"conflicting substituent positions"
2392,FALSE,FALSE,TRUE,"conflicting substituent positions"
2393,FALSE,FALSE,TRUE,"conflicting substituent positions"
2394,FALSE,FALSE,TRUE,"conflicting substituent positions"
2395,FALSE,FALSE,TRUE,"conflicting substituent positions"
2396,FALSE,FALSE,TRUE,"conflicting substituent positions"
2397,FALSE,FALSE,TRUE,"conflicting substituent positions"
2398,FALSE,FALSE,TRUE,"conflicting substituent positions"
2399,FALSE,FALSE,TRUE,"conflicting substituent positions"
2400,FALSE,FALSE,TRUE,"conflicting substituent positions"
2401,FALSE,FALSE,TRUE,"conflicting substituent positions"
2402,FALSE,FALSE,TRUE,"conflicting substituent positions"
2403,FALSE,FALSE,TRUE,"conflicting substituent positions"
2404,FALSE,FALSE,TRUE,"conflicting substituent positions"
2405,FALSE,FALSE,TRUE,"conflicting substituent positions"
2406,FALSE,FALSE,TRUE,"conflicting substituent positions"
2407,FALSE,FALSE,TRUE,"conflicting substituent positions"
2408,FALSE,FALSE,TRUE,"conflicting substituent positions"
2409,FALSE,FALSE,TRUE,"conflicting substituent positions"
2410,FALSE,FALSE,TRUE,"conflicting substituent positions"
2411,FALSE,FALSE,TRUE,"conflicting substituent positions"
2412,FALSE,FALSE,TRUE,"conflicting substituent positions"
2413,FALSE,FALSE,TRUE,"conflicting substituent positions"
2414,FALSE,FALSE,TRUE,"conflicting substituent positions"
2415,FALSE,FALSE,TRUE,"conflicting substituent positions"
2416,FALSE,FALSE,TRUE,"conflicting substituent positions"
2417,FALSE,FALSE,TRUE,"conflicting substituent positions"
2418,FALSE,FALSE,TRUE,"conflicting substituent positions"
2419,FALSE,FALSE,TRUE,"conflicting substituent positions"
2420,FALSE,FALSE,TRUE,"conflicting substituent positions"
2421,FALSE,FALSE,TRUE,"conflicting substituent positions"
2422,FALSE,FALSE,TRUE,"conflicting substituent positions"
2423,FALSE,FALSE,TRUE,"conflicting substituent positions"
2424,FALSE,FALSE,TRUE,"conflicting substituent positions"
2425,FALSE,FALSE,TRUE,"conflicting substituent positions"
2426,FALSE,FALSE,TRUE,"conflicting substituent positions"
2427,FALSE,FALSE,TRUE,"conflicting substituent positions"
2428,FALSE,FALSE,TRUE,"conflicting substituent positions"
2429,FALSE,FALSE,TRUE,"conflicting substituent positions"
2430,FALSE,FALSE,TRUE,"conflicting substituent positions"
2431,FALSE,FALSE,TRUE,"conflicting substituent positions"
2432,FALSE,FALSE,TRUE,"conflicting substituent positions"
2433,FALSE,FALSE,TRUE,"conflicting substituent positions"
2434,FALSE,FALSE,TRUE,"conflicting substituent positions"
2435,FALSE,FALSE,TRUE,"conflicting substituent positions"
2436,FALSE,FALSE,TRUE,"conflicting substituent positions"
2437,FALSE,FALSE,TRUE,"conflicting substituent positions"
2438,FALSE,FALSE,TRUE,"conflicting substituent positions"
2439,FALSE,FALSE,TRUE,"conflicting substituent positions"
2440,FALSE,FALSE,TRUE,"conflicting substituent positions"
2441,FALSE,FALSE,TRUE,"conflicting substituent positions"
2442,FALSE,FALSE,TRUE,"conflicting substituent positions"
2443,FALSE,FALSE,TRUE,"conflicting substituent positions"
2444,FALSE,FALSE,TRUE,"conflicting substituent positions"
2445,FALSE,FALSE,TRUE,"conflicting substituent positions"
2446,FALSE,FALSE,TRUE,"conflicting substituent positions"
2447,FALSE,FALSE,TRUE,"conflicting substituent positions"
2448,FALSE,FALSE,TRUE,"conflicting substituent positions"
2449,FALSE,FALSE,TRUE,"conflicting substituent positions"
2450,FALSE,FALSE,TRUE,"conflicting substituent positions"
2451,FALSE,FALSE,TRUE,"conflicting substituent positions"
2452,FALSE,FALSE,TRUE,"conflicting substituent positions"
2453,FALSE,FALSE,TRUE,"conflicting substituent positions"
2454,FALSE,FALSE,TRUE,"conflicting substituent positions"
2455,FALSE,FALSE,TRUE,"conflicting substituent positions"
2456,FALSE,FALSE,TRUE,"conflicting substituent positions"
2457,FALSE,FALSE,TRUE,"conflicting substituent positions"
2458,FALSE,FALSE,TRUE,"conflicting substituent positions"
2459,FALSE,FALSE,TRUE,"conflicting substituent positions"
2460,FALSE,FALSE,TRUE,"conflicting substituent positions"
2461,FALSE,FALSE,TRUE,"conflicting substituent positions"
2462,FALSE,FALSE,TRUE,"conflicting substituent positions"
2463,FALSE,FALSE,TRUE,"conflicting substituent positions"
2464,FALSE,FALSE,TRUE,"conflicting substituent positions"
2465,FALSE,FALSE,TRUE,"conflicting substituent positions"
2466,FALSE,FALSE,TRUE,"conflicting substituent positions"
2467,FALSE,FALSE,TRUE,"conflicting substituent positions"
2468,FALSE,FALSE,TRUE,"conflicting substituent positions"
2469,FALSE,FALSE,TRUE,"conflicting substituent positions"
2470,FALSE,FALSE,TRUE,"conflicting substituent positions"
2471,FALSE,FALSE,TRUE,"conflicting substituent positions"
2472,FALSE,FALSE,TRUE,"conflicting substituent positions"
2473,FALSE,FALSE,TRUE,"conflicting substituent positions"
2474,FALSE,FALSE,TRUE,"conflicting substituent positions"
2475,TRUE,TRUE,TRUE,""
2476,TRUE,TRUE,TRUE,""
2477,TRUE,TRUE,TRUE,""
2478,TRUE,TRUE,TRUE,""
2479,TRUE,TRUE,TRUE,""
2480,TRUE,TRUE,TRUE,""
2481,TRUE,TRUE,TRUE,""
2482,TRUE,TRUE,TRUE,""
2483,TRUE,TRUE,TRUE,""
2484,TRUE,TRUE,TRUE,""
2485,TRUE,TRUE,TRUE,""
2486,TRUE,TRUE,TRUE,""
2487,TRUE,TRUE,TRUE,""
2488,TRUE,TRUE,TRUE,""
2489,TRUE,TRUE,TRUE,""
2490,TRUE,TRUE,TRUE,""
2491,TRUE,TRUE,TRUE,""
2492,TRUE,TRUE,TRUE,""
2493,TRUE,TRUE,TRUE,""
2494,TRUE,TRUE,TRUE,""
2495,TRUE,TRUE,TRUE,""
2496,TRUE,TRUE,TRUE,""
2497,TRUE,TRUE,TRUE,""
2498,TRUE,TRUE,TRUE,""
2499,TRUE,TRUE,TRUE,""
2500,TRUE,TRUE,TRUE,""
2501,TRUE,TRUE,TRUE,""
2502,TRUE,TRUE,TRUE,""
2503,TRUE,TRUE,TRUE,""
2504,FALSE,FALSE,TRUE,"impossible explicit parent metadata"
2505,TRUE,TRUE,TRUE,""
2506,TRUE,TRUE,TRUE,""
2507,TRUE,TRUE,TRUE,""
2508,TRUE,TRUE,TRUE,""
2509,TRUE,TRUE,TRUE,""
2510,TRUE,TRUE,TRUE,""
2511,TRUE,TRUE,TRUE,""
2512,FALSE,FALSE,TRUE,"impossible explicit parent metadata"
2513,TRUE,TRUE,TRUE,""
2514,TRUE,TRUE,TRUE,""
2515,TRUE,TRUE,TRUE,""
2516,TRUE,TRUE,TRUE,""
2517,TRUE,TRUE,TRUE,""
2518,TRUE,TRUE,TRUE,""
2519,TRUE,TRUE,TRUE,""
2520,TRUE,TRUE,TRUE,""
2521,TRUE,TRUE,TRUE,""
2522,TRUE,TRUE,TRUE,""
2523,TRUE,TRUE,TRUE,""
2524,TRUE,TRUE,TRUE,""
2525,TRUE,TRUE,TRUE,""
2526,TRUE,TRUE,TRUE,""
2527,TRUE,TRUE,TRUE,""
2528,TRUE,TRUE,TRUE,""
2529,TRUE,TRUE,TRUE,""
2530,TRUE,TRUE,TRUE,""
2531,TRUE,TRUE,TRUE,""
2532,TRUE,TRUE,TRUE,""
2533,TRUE,TRUE,TRUE,""
2534,TRUE,TRUE,TRUE,""
2535,TRUE,TRUE,TRUE,""
2536,TRUE,TRUE,TRUE,""
2537,TRUE,TRUE,TRUE,""
2538,FALSE,FALSE,TRUE,"impossible explicit parent metadata"
2539,TRUE,TRUE,TRUE,""
2540,TRUE,TRUE,TRUE,""
2541,TRUE,TRUE,TRUE,""
2542,TRUE,TRUE,TRUE,""
2543,TRUE,TRUE,TRUE,""
2544,TRUE,TRUE,TRUE,""
2545,TRUE,TRUE,TRUE,""
2546,TRUE,TRUE,TRUE,""
2547,TRUE,TRUE,TRUE,""
2548,TRUE,TRUE,TRUE,""
2549,TRUE,TRUE,TRUE,""
2550,TRUE,TRUE,TRUE,""
2551,TRUE,TRUE,TRUE,""
2552,TRUE,TRUE,TRUE,""
2553,TRUE,TRUE,TRUE,""
2554,TRUE,TRUE,TRUE,""
2555,TRUE,TRUE,TRUE,""
2556,TRUE,TRUE,TRUE,""
2557,FALSE,FALSE,TRUE,"impossible explicit parent metadata"
2558,TRUE,TRUE,TRUE,""
2559,TRUE,TRUE,TRUE,""
2560,TRUE,TRUE,TRUE,""
2561,TRUE,TRUE,TRUE,""
2562,TRUE,TRUE,TRUE,""
2563,TRUE,TRUE,TRUE,""
2564,TRUE,TRUE,TRUE,""
2565,TRUE,TRUE,TRUE,""
2566,TRUE,TRUE,TRUE,""
2567,TRUE,TRUE,TRUE,""
2568,TRUE,TRUE,TRUE,""
2569,TRUE,TRUE,TRUE,""
2570,TRUE,TRUE,TRUE,""
2571,TRUE,TRUE,TRUE,""
2572,TRUE,TRUE,TRUE,""
2573,TRUE,TRUE,TRUE,""
2574,TRUE,TRUE,TRUE,""
2575,TRUE,TRUE,TRUE,""
2576,TRUE,TRUE,TRUE,""
2577,TRUE,TRUE,TRUE,""
2578,TRUE,TRUE,TRUE,""
2579,FALSE,FALSE,TRUE,"impossible explicit parent metadata"
2580,TRUE,TRUE,TRUE,""
2581,TRUE,TRUE,TRUE,""
2582,TRUE,TRUE,TRUE,""
2583,TRUE,TRUE,TRUE,""
2584,FALSE,FALSE,TRUE,"impossible explicit parent metadata"
2585,TRUE,TRUE,TRUE,""
2586,TRUE,TRUE,TRUE,""
2587,TRUE,TRUE,TRUE,""
2588,TRUE,TRUE,TRUE,""
2589,TRUE,TRUE,TRUE,""
2590,TRUE,TRUE,TRUE,""
2591,TRUE,TRUE,TRUE,""
2592,TRUE,TRUE,TRUE,""
2593,TRUE,TRUE,TRUE,""
2594,TRUE,TRUE,TRUE,""
2595,TRUE,TRUE,TRUE,""
2596,TRUE,TRUE,TRUE,""
2597,TRUE,TRUE,TRUE,""
2598,TRUE,TRUE,TRUE,""
2599,TRUE,TRUE,TRUE,""
2600,TRUE,TRUE,TRUE,""
2601,TRUE,TRUE,TRUE,""
2602,TRUE,TRUE,TRUE,""
2603,TRUE,TRUE,TRUE,""
2604,FALSE,FALSE,TRUE,"impossible explicit parent metadata"
2605,TRUE,TRUE,TRUE,""
2606,TRUE,TRUE,TRUE,""
2607,TRUE,TRUE,TRUE,""
2608,TRUE,TRUE,TRUE,""
2609,TRUE,TRUE,TRUE,""
2610,TRUE,TRUE,TRUE,""
2611,TRUE,TRUE,TRUE,""
2612,TRUE,TRUE,TRUE,""
2613,TRUE,TRUE,TRUE,""
2614,TRUE,TRUE,TRUE,""
2615,TRUE,TRUE,TRUE,""
2616,TRUE,TRUE,TRUE,""
2617,TRUE,TRUE,TRUE,""
2618,TRUE,TRUE,TRUE,""
2619,TRUE,TRUE,TRUE,""
2620,TRUE,TRUE,TRUE,""
2621,TRUE,TRUE,TRUE,""
2622,TRUE,TRUE,TRUE,""
2623,TRUE,TRUE,TRUE,""
2624,TRUE,TRUE,TRUE,""
2625,FALSE,FALSE,TRUE,"impossible explicit parent metadata"
2626,TRUE,TRUE,TRUE,""
2627,TRUE,TRUE,TRUE,""
2628,FALSE,FALSE,TRUE,"impossible explicit parent metadata"
2629,FALSE,FALSE,TRUE,"impossible explicit parent metadata"
2630,TRUE,TRUE,TRUE,""
2631,TRUE,TRUE,TRUE,""
2632,TRUE,TRUE,TRUE,""
2633,TRUE,TRUE,TRUE,""
2634,TRUE,TRUE,TRUE,""
2635,TRUE,TRUE,TRUE,""
2636,TRUE,TRUE,TRUE,""
2637,TRUE,TRUE,TRUE,""
2638,TRUE,TRUE,TRUE,""
2639,TRUE,TRUE,TRUE,""
2640,TRUE,TRUE,TRUE,""
2641,TRUE,TRUE,TRUE,""
2642,TRUE,TRUE,TRUE,""
2643,TRUE,TRUE,TRUE,""
2644,TRUE,TRUE,TRUE,""
2645,TRUE,TRUE,TRUE,""
2646,TRUE,TRUE,TRUE,""
2647,TRUE,TRUE,TRUE,""
2648,TRUE,TRUE,TRUE,""
2649,TRUE,TRUE,TRUE,""
2650,TRUE,TRUE,TRUE,""
2651,TRUE,TRUE,TRUE,""
2652,TRUE,TRUE,TRUE,""
2653,TRUE,TRUE,TRUE,""
2654,TRUE,TRUE,TRUE,""
2655,TRUE,TRUE,TRUE,""
2656,FALSE,FALSE,TRUE,"impossible explicit parent metadata"
2657,TRUE,TRUE,TRUE,""
2658,TRUE,TRUE,TRUE,""
2659,TRUE,TRUE,TRUE,""
2660,TRUE,TRUE,TRUE,""
2661,TRUE,TRUE,TRUE,""
2662,TRUE,TRUE,TRUE,""
2663,TRUE,TRUE,TRUE,""
2664,TRUE,TRUE,TRUE,""
2665,FALSE,FALSE,TRUE,"impossible explicit parent metadata"
2666,TRUE,TRUE,TRUE,""
2667,TRUE,TRUE,TRUE,""
2668,TRUE,TRUE,TRUE,""
2669,TRUE,TRUE,TRUE,""
2670,TRUE,TRUE,TRUE,""
2671,TRUE,TRUE,TRUE,""
2672,TRUE,TRUE,TRUE,""
2673,TRUE,TRUE,TRUE,""
2674,TRUE,TRUE,TRUE,""
2675,TRUE,TRUE,TRUE,""
2676,TRUE,TRUE,TRUE,""
2677,TRUE,TRUE,TRUE,""
2678,TRUE,TRUE,TRUE,""
2679,TRUE,TRUE,TRUE,""
2680,TRUE,TRUE,TRUE,""
2681,TRUE,TRUE,TRUE,""
2682,TRUE,TRUE,TRUE,""
2683,TRUE,TRUE,TRUE,""
2684,TRUE,TRUE,TRUE,""
2685,TRUE,TRUE,TRUE,""
2686,FALSE,FALSE,TRUE,"impossible explicit parent metadata"
2687,TRUE,TRUE,TRUE,""
2688,TRUE,TRUE,TRUE,""
2689,TRUE,TRUE,TRUE,""
2690,TRUE,TRUE,TRUE,""
2691,TRUE,TRUE,TRUE,""
2692,TRUE,TRUE,TRUE,""
2693,FALSE,FALSE,TRUE,"impossible explicit parent metadata"
2694,TRUE,TRUE,TRUE,""
2695,TRUE,TRUE,TRUE,""
2696,TRUE,TRUE,TRUE,""
2697,TRUE,TRUE,TRUE,""
2698,TRUE,TRUE,TRUE,""
2699,TRUE,TRUE,TRUE,""
2700,TRUE,TRUE,TRUE,""
2701,TRUE,TRUE,TRUE,""
2702,TRUE,TRUE,TRUE,""
2703,TRUE,TRUE,TRUE,""
2704,FALSE,FALSE,TRUE,"impossible explicit parent metadata"
2705,TRUE,TRUE,TRUE,""
2706,TRUE,TRUE,TRUE,""
2707,TRUE,TRUE,TRUE,""
2708,TRUE,TRUE,TRUE,""
2709,TRUE,TRUE,TRUE,""
2710,TRUE,TRUE,TRUE,""
2711,TRUE,TRUE,TRUE,""
2712,TRUE,TRUE,TRUE,""
2713,TRUE,TRUE,TRUE,""
2714,TRUE,TRUE,TRUE,""
2715,TRUE,TRUE,TRUE,""
2716,TRUE,TRUE,TRUE,""
2717,TRUE,TRUE,TRUE,""
2718,TRUE,TRUE,TRUE,""
2719,TRUE,TRUE,TRUE,""
2720,TRUE,TRUE,TRUE,""
2721,TRUE,TRUE,TRUE,""
2722,TRUE,TRUE,TRUE,""
2723,TRUE,TRUE,TRUE,""
2724,TRUE,TRUE,TRUE,""
2725,TRUE,TRUE,TRUE,""
2726,TRUE,TRUE,TRUE,""
2727,TRUE,TRUE,TRUE,""
2728,TRUE,TRUE,TRUE,""
2729,TRUE,TRUE,TRUE,""
2730,TRUE,TRUE,TRUE,""
2731,TRUE,TRUE,TRUE,""
2732,TRUE,TRUE,TRUE,""
2733,FALSE,FALSE,TRUE,"impossible explicit parent metadata"
2734,FALSE,FALSE,TRUE,"impossible explicit parent metadata"
2735,TRUE,TRUE,TRUE,""
2736,TRUE,TRUE,TRUE,""
2737,TRUE,TRUE,TRUE,""
2738,TRUE,TRUE,TRUE,""
2739,TRUE,TRUE,TRUE,""
2740,TRUE,TRUE,TRUE,""
2741,TRUE,TRUE,TRUE,""
2742,TRUE,TRUE,TRUE,""
2743,TRUE,TRUE,TRUE,""
2744,TRUE,TRUE,TRUE,""
2745,TRUE,TRUE,TRUE,""
2746,TRUE,TRUE,TRUE,""
2747,TRUE,TRUE,TRUE,""
2748,TRUE,TRUE,TRUE,""
2749,TRUE,TRUE,TRUE,""
2750,TRUE,TRUE,TRUE,""
2751,TRUE,TRUE,TRUE,""
2752,TRUE,TRUE,TRUE,""
2753,TRUE,TRUE,TRUE,""
2754,TRUE,TRUE,TRUE,""
2755,FALSE,FALSE,TRUE,"impossible explicit parent metadata"
2756,TRUE,TRUE,TRUE,""
2757,TRUE,TRUE,TRUE,""
2758,TRUE,TRUE,TRUE,""
2759,TRUE,TRUE,TRUE,""
2760,TRUE,TRUE,TRUE,""
2761,TRUE,TRUE,TRUE,""
2762,TRUE,TRUE,TRUE,""
2763,TRUE,TRUE,TRUE,""
2764,TRUE,TRUE,TRUE,""
2765,TRUE,TRUE,TRUE,""
2766,TRUE,TRUE,TRUE,""
2767,TRUE,TRUE,TRUE,""
2768,TRUE,TRUE,TRUE,""
2769,TRUE,TRUE,TRUE,""
2770,TRUE,TRUE,TRUE,""
2771,TRUE,TRUE,TRUE,""
2772,TRUE,TRUE,TRUE,""
2773,TRUE,TRUE,TRUE,""
2774,TRUE,TRUE,TRUE,""
2775,TRUE,TRUE,TRUE,""
2776,TRUE,TRUE,TRUE,""
2777,TRUE,TRUE,TRUE,""
2778,TRUE,TRUE,TRUE,""
2779,TRUE,TRUE,TRUE,""
2780,TRUE,TRUE,TRUE,""
2781,TRUE,TRUE,TRUE,""
2782,TRUE,TRUE,TRUE,""
2783,TRUE,TRUE,TRUE,""
2784,TRUE,TRUE,TRUE,""
2785,FALSE,FALSE,TRUE,"impossible explicit parent metadata"
2786,TRUE,TRUE,TRUE,""
2787,TRUE,TRUE,TRUE,""
2788,TRUE,TRUE,TRUE,""
2789,TRUE,TRUE,TRUE,""
2790,TRUE,TRUE,TRUE,""
2791,TRUE,TRUE,TRUE,""
2792,TRUE,TRUE,TRUE,""
2793,TRUE,TRUE,TRUE,""
2794,TRUE,TRUE,TRUE,""
2795,TRUE,TRUE,TRUE,""
2796,TRUE,TRUE,TRUE,""
2797,TRUE,TRUE,TRUE,""
2798,TRUE,TRUE,TRUE,""
2799,FALSE,FALSE,TRUE,"impossible explicit parent metadata"
2800,TRUE,TRUE,TRUE,""
2801,TRUE,TRUE,TRUE,""
2802,TRUE,TRUE,TRUE,""
2803,TRUE,TRUE,TRUE,""
2804,TRUE,TRUE,TRUE,""
2805,TRUE,TRUE,TRUE,""
2806,TRUE,TRUE,TRUE,""
2807,TRUE,TRUE,TRUE,""
2808,TRUE,TRUE,TRUE,""
2809,TRUE,TRUE,TRUE,""
2810,TRUE,TRUE,TRUE,""
2811,TRUE,TRUE,TRUE,""
2812,TRUE,TRUE,TRUE,""
2813,TRUE,TRUE,TRUE,""
2814,TRUE,TRUE,TRUE,""
2815,TRUE,TRUE,TRUE,""
2816,TRUE,TRUE,TRUE,""
2817,FALSE,FALSE,TRUE,"impossible explicit parent metadata"
2818,TRUE,TRUE,TRUE,""
2819,TRUE,TRUE,TRUE,""
2820,TRUE,TRUE,TRUE,""
2821,FALSE,FALSE,TRUE,"impossible explicit parent metadata"
2822,TRUE,TRUE,TRUE,""
2823,TRUE,TRUE,TRUE,""
2824,TRUE,TRUE,TRUE,""
2825,TRUE,TRUE,TRUE,""
2826,TRUE,TRUE,TRUE,""
2827,TRUE,TRUE,TRUE,""
2828,TRUE,TRUE,TRUE,""
2829,TRUE,TRUE,TRUE,""
2830,TRUE,TRUE,TRUE,""
2831,TRUE,TRUE,TRUE,""
2832,TRUE,TRUE,TRUE,""
2833,TRUE,TRUE,TRUE,""
2834,TRUE,TRUE,TRUE,""
2835,TRUE,TRUE,TRUE,""
2836,TRUE,TRUE,TRUE,""
2837,TRUE,TRUE,TRUE,""
2838,TRUE,TRUE,TRUE,""
2839,FALSE,FALSE,TRUE,"impossible explicit parent metadata"
2840,TRUE,TRUE,TRUE,""
2841,TRUE,TRUE,TRUE,""
2842,TRUE,TRUE,TRUE,""
2843,TRUE,TRUE,TRUE,""
2844,TRUE,TRUE,TRUE,""
2845,TRUE,TRUE,TRUE,""
2846,TRUE,TRUE,TRUE,""
2847,TRUE,TRUE,TRUE,""
2848,FALSE,FALSE,TRUE,"impossible explicit parent metadata"
2849,TRUE,TRUE,TRUE,""
2850,FALSE,FALSE,TRUE,"floating components cannot reach main"
2851,TRUE,TRUE,TRUE,""
2852,TRUE,TRUE,TRUE,""
2853,TRUE,TRUE,TRUE,""
2854,TRUE,TRUE,TRUE,""
2855,TRUE,TRUE,TRUE,""
2856,TRUE,TRUE,TRUE,""
2857,TRUE,TRUE,TRUE,""
2858,TRUE,TRUE,TRUE,""
2859,TRUE,TRUE,TRUE,""
2860,FALSE,FALSE,TRUE,"parent outside complete structure"
2861,FALSE,FALSE,TRUE,"invalid parent indices"
2862,FALSE,FALSE,TRUE,"self parent metadata"
2863,FALSE,FALSE,TRUE,"duplicate parent indices"
2864,FALSE,FALSE,TRUE,"parent index overflow"
2865,FALSE,FALSE,TRUE,"impossible explicit parent metadata"
2866,FALSE,FALSE,TRUE,"floating alditol"
2867,FALSE,FALSE,TRUE,"conflicting fixed carbon positions"
2868,FALSE,FALSE,TRUE,"impossible explicit parent metadata"
2869,FALSE,FALSE,TRUE,"impossible explicit parent metadata"
2870,TRUE,TRUE,TRUE,""
