"path","md5"
"benchmarks/compact-cpp/audit-extended.R","b98a967010b1136a0c4aee36bed2d853"
"benchmarks/compact-cpp/audit-graph-calls-extended.R","b4c9b33a3af9a4f1921a89020fdf04e1"
"benchmarks/compact-cpp/audit-graph-calls.R","06a3f25d071149c488d2178da1514ec8"
"benchmarks/compact-cpp/audit-size-guard.R","0086b0515cad1af5a0535284258605da"
"benchmarks/compact-cpp/audit-syntax.R","f05497031ed4f947102e9c9a678e0354"
"benchmarks/compact-cpp/benchmark-extended.R","d1d2b3751c22f3e7526d1230b599d4d7"
"benchmarks/compact-cpp/benchmark.R","d031383b60cac3053bf1a1e16b77a0ed"
"benchmarks/compact-cpp/compact.cpp","5055882790dbe86bd0a573d423725da7"
"benchmarks/compact-cpp/prototype.R","26f0fe2b530db5315a5bb578d62c8c97"
"benchmarks/compact-cpp/summarize-extended.R","376db29c3c0212b77f582b1f162a8cbf"
"benchmarks/compact-cpp/summarize.R","e6c12bcdcea40d6debf38864cf0e8a55"
"benchmarks/compact-cpp/verify-extended.R","cd71284c11be0e87cda1c6ddd237c1a2"
"benchmarks/compact-cpp/verify.R","7795532309f17f61df3bee2b5a1859d1"
"benchmarks/compact-cpp/results-v2/corpus.rds","6a09038c55b7451515633a7148e786f3"
"benchmarks/compact-cpp/results-v2/workloads.rds","6bbb7746952941560868a898a4606b6e"
"benchmarks/compact-cpp/results-v2/random-trees.rds","b393669bfd26460702bc384c1b23ec74"
"benchmarks/compact-cpp/results-v2/extended-inputs.rds","bcc875f3900ac7adfa87da658473db11"
