"workload","operation","reference_seconds","native_seconds","speedup"
"repeated","composition",0.00212,0.000590000000000002,3.59322033898304
"repeated","total",0.196,0.000540000000000003,362.962962962961
"repeated","Hex",0.191000000000001,0.000940000000000012,203.1914893617
"repeated","Gal",0.00941666666666663,0.000960000000000001,9.80902777777773
"repeated","S",0.00397058823529414,0.00103921568627453,3.82075471698109
"unique","composition",0.0324999999999998,0.00484615384615382,6.70634920634918
"unique","total",0.0664999999999996,0.00519047619047619,12.8119266055045
"unique","Hex",0.0825000000000005,0.00535294117647055,15.4120879120881
"unique","Gal",0.0357500000000002,0.00584999999999996,6.11111111111119
"unique","S",0.0433333333333342,0.00629411764705878,6.88473520249239
